species_binomial,"Dogfish and other sharks nei (excl. Squalus acanthias, Scyliorhinus spp., Lamna nasus, Prionace glauca), frozen","Rays and skates (Rajidae), frozen","Sharks nei, fresh or chilled","Rays and skates (Rajidae), fresh or chilled","Dogfish (Squalidae) and catshark fillets, frozen","Porbeagle shark (Lamna nasus), fresh or chilled","Shark fillets nei, frozen","Catsharks, nursehounds, fresh or chilled","Porbeagle shark (Lamna nasus), fillets, frozen","Blue shark ""Prionace glauca"", fillets, frozen","Porbeagle shark (Lamna nasus), frozen","Catsharks, nursehounds, frozen","Sharks,rays,chimaeras, skates, fillets,  frozen,  nei","Dogfish (Squalidae) and other sharks, meat, frozen","Dogfish (Squalidae) and other sharks, fillets, fresh or chilled","Sharks, rays, chimaeras nei, frozen","Sharks,rays,chimaeras, nei fillets fresh or chilled","Dogfish, other sharks, rays and skates (Rajidae), fillets, frozen","Rays and skates (Rajidae) meat, frozen","Dogfish and other sharks, meat, whether or not minced, fresh or chilled","Shark fins, fresh or chilled","Blue shark ""Prionace glauca"", fresh or chilled","Picked dogfish ""Squalus acanthias"" and catsharks ""Scyliorhinus spp."", fillets, fresh or chilled","Picked dogfish ""Squalus acanthias""and catsharks ""Scyliorhinus spp."", meat, whether or not minced, frozen","Porbeagle shark ""Lamna nasus"", fillets, fresh or chilled","Porbeagle shark ""Lamna nasus"", meat, whether or not minced, frozen","Rays and skates ""Rajidae"", fillets, frozen","Rays and skates (Rajidae) fillets, fresh or chilled","Blue shark ""Prionace glauca"", frozen","Blue shark ""Prionace glauca"", meat, whether or not minced, frozen","Other dogfish and other sharks (excl. Squalus acanthias, Scyliorhinus spp., Lamna nasus, Prionace glauca), fresh or chilled","Picked dogfish ""Squalus acanthias"" and catsharks ""Scyliorhinus spp."", fresh or chilled","Picked dogfish ""Squalus acanthias""and catsharks ""Scyliorhinus spp."", frozen","Rays and skates (Rajidae), meat, whether or not minced, fresh or chilled","Blue shark ""Prionace glauca"", fillets, fresh or chilled","Picked dogfish ""Squalus acanthias""and catsharks ""Scyliohinus spp.""(excl. fillets), meat, whether or not minced, fresh or chilled","Blue shark ""Prionace glauca"" (excl. fillets), meat, whether or not minced, fresh or chilled","Porbeagle shark ""Lamna nasus"" (excl. fillets), meat, whether or not minced, fresh or chilled","Sharks, rays, chimaeras meat, frozen, nei"
Aetobatus flagellum,,,,,,,,,,,,,,,,,,,,,,,,,,,,,,,,,,,,,,,
Aetobatus laticeps,,,,,,,,,,,,,,,,,,,,,,,,,,,,,,,,,,,,,,,
Aetobatus narinari,,,,,,,,,,,,,,,,,,,,,,,,,,,,,,,,,,,,,,,
Aetobatus narutobiei,,,,,,,,,,,,,,,,,,,,,,,,,,,,,,,,,,,,,,,
Aetobatus ocellatus,,,,,,,,,,,,,,,,,,,,,,,,,,,,,,,,,,,,,,,
Bathytoshia brevicaudata,,,,,,,,,,,,,,,,,,,,,,,,,,,,,,,,,,,,,,,
Bathytoshia centroura,,,,,,,,,,,,,,,,,,,,,,,,,,,,,,,,,,,,,,,
Bathytoshia lata,,,,,,,,,,,,,,,,,,,,,,,,,,,,,,,,,,,,,,,
Brevitrygon heterura,,,,,,,,,,,,,,,,,,,,,,,,,,,,,,,,,,,,,,,
Brevitrygon imbricata,,,,,,,,,,,,,,,,,,,,,,,,,,,,,,,,,,,,,,,
Brevitrygon javaensis,,,,,,,,,,,,,,,,,,,,,,,,,,,,,,,,,,,,,,,
Brevitrygon walga,,,,,,,,,,,,,,,,,,,,,,,,,,,,,,,,,,,,,,,
Dasyatis chrysonota,,,,,,,,,,,,,,,,,,,,,,,,,,,,,,,,,,,,,,,
Dasyatis hypostigma,,,,,,,,,,,,,,,,,,,,,,,,,,,,,,,,,,,,,,,
Dasyatis marmorata,,,,,,,,,,,,,,,,,,,,,,,,,,,,,,,,,,,,,,,
Dasyatis pastinaca,,,,,,,,,,,,,,,,,,,,,,,,,,,,,,,,,,,,,,,
Dasyatis tortonesei,,,,,,,,,,,,,,,,,,,,,,,,,,,,,,,,,,,,,,,
Fluvitrygon kittipongi,,,,,,,,,,,,,,,,,,,,,,,,,,,,,,,,,,,,,,,
Fluvitrygon oxyrhynchus,,,,,,,,,,,,,,,,,,,,,,,,,,,,,,,,,,,,,,,
Fluvitrygon signifer,,,,,,,,,,,,,,,,,,,,,,,,,,,,,,,,,,,,,,,
Fontitrygon colarensis,,,,,,,,,,,,,,,,,,,,,,,,,,,,,,,,,,,,,,,
Fontitrygon garouaensis,,,,,,,,,,,,,,,,,,,,,,,,,,,,,,,,,,,,,,,
Fontitrygon geijskesi,,,,,,,,,,,,,,,,,,,,,,,,,,,,,,,,,,,,,,,
Fontitrygon margarita,,,,,,,,,,,,,,,,,,,,,,,,,,,,,,,,,,,,,,,
Fontitrygon margaritella,,,,,,,,,,,,,,,,,,,,,,,,,,,,,,,,,,,,,,,
Fontitrygon ukpam,,,,,,,,,,,,,,,,,,,,,,,,,,,,,,,,,,,,,,,
Hemitrygon akajei,,,,,,,,,,,,,,,,,,,,,,,,,,,,,,,,,,,,,,,
Hemitrygon bennetti,,,,,,,,,,,,,,,,,,,,,,,,,,,,,,,,,,,,,,,
Hemitrygon fluviorum,,,,,,,,,,,,,,,,,,,,,,,,,,,,,,,,,,,,,,,
Hemitrygon izuensis,,,,,,,,,,,,,,,,,,,,,,,,,,,,,,,,,,,,,,,
Hemitrygon laevigata,,,,,,,,,,,,,,,,,,,,,,,,,,,,,,,,,,,,,,,
Hemitrygon laosensis,,,,,,,,,,,,,,,,,,,,,,,,,,,,,,,,,,,,,,,
Hemitrygon longicauda,,,,,,,,,,,,,,,,,,,,,,,,,,,,,,,,,,,,,,,
Hemitrygon navarrae,,,,,,,,,,,,,,,,,,,,,,,,,,,,,,,,,,,,,,,
Hemitrygon parvonigra,,,,,,,,,,,,,,,,,,,,,,,,,,,,,,,,,,,,,,,
Hemitrygon sinensis,,,,,,,,,,,,,,,,,,,,,,,,,,,,,,,,,,,,,,,
Hemitrygon yemenensis,,,,,,,,,,,,,,,,,,,,,,,,,,,,,,,,,,,,,,,
Himantura australis,,,,,,,,,,,,,,,,,,,,,,,,,,,,,,,,,,,,,,,
Himantura leoparda,,,,,,,,,,,,,,,,,,,,,,,,,,,,,,,,,,,,,,,
Himantura marginata,,,,,,,,,,,,,,,,,,,,,,,,,,,,,,,,,,,,,,,
Himantura uarnak,,,,,,,,,,,,,,,,,,,,,,,,,,,,,,,,,,,,,,,
Himantura undulata,,,,,,,,,,,,,,,,,,,,,,,,,,,,,,,,,,,,,,,
Hypanus americanus,,,,,,,,,,,,,,,,,,,,,,,,,,,,,,,,,,,,,,,
Hypanus berthalutzae,,,,,,,,,,,,,,,,,,,,,,,,,,,,,,,,,,,,,,,
Hypanus dipterurus,,,,,,,,,,,,,,,,,,,,,,,,,,,,,,,,,,,,,,,
Hypanus guttatus,,,,,,,,,,,,,,,,,,,,,,,,,,,,,,,,,,,,,,,
Hypanus longus,,,,,,,,,,,,,,,,,,,,,,,,,,,,,,,,,,,,,,,
Hypanus marianae,,,,,,,,,,,,,,,,,,,,,,,,,,,,,,,,,,,,,,,
Hypanus rudis,,,,,,,,,,,,,,,,,,,,,,,,,,,,,,,,,,,,,,,
Hypanus sabinus,,,,,,,,,,,,,,,,,,,,,,,,,,,,,,,,,,,,,,,
Hypanus say,,,,,,,,,,,,,,,,,,,,,,,,,,,,,,,,,,,,,,,
Maculabatis ambigua,,,,,,,,,,,,,,,,,,,,,,,,,,,,,,,,,,,,,,,
Maculabatis arabica,,,,,,,,,,,,,,,,,,,,,,,,,,,,,,,,,,,,,,,
Maculabatis astra,,,,,,,,,,,,,,,,,,,,,,,,,,,,,,,,,,,,,,,
Maculabatis bineeshi,,,,,,,,,,,,,,,,,,,,,,,,,,,,,,,,,,,,,,,
Maculabatis gerrardi,,,,,,,,,,,,,,,,,,,,,,,,,,,,,,,,,,,,,,,
Maculabatis macrura,,,,,,,,,,,,,,,,,,,,,,,,,,,,,,,,,,,,,,,
Maculabatis pastinacoides,,,,,,,,,,,,,,,,,,,,,,,,,,,,,,,,,,,,,,,
Maculabatis randalli,,,,,,,,,,,,,,,,,,,,,,,,,,,,,,,,,,,,,,,
Maculabatis toshi,,,,,,,,,,,,,,,,,,,,,,,,,,,,,,,,,,,,,,,
Makararaja chindwinensis,,,,,,,,,,,,,,,,,,,,,,,,,,,,,,,,,,,,,,,
Megatrygon microps,,,,,,,,,,,,,,,,,,,,,,,,,,,,,,,,,,,,,,,
Neotrygon annotata,,,,,,,,,,,,,,,,,,,,,,,,,,,,,,,,,,,,,,,
Neotrygon australiae,,,,,,,,,,,,,,,,,,,,,,,,,,,,,,,,,,,,,,,
Neotrygon caeruleopunctata,,,,,,,,,,,,,,,,,,,,,,,,,,,,,,,,,,,,,,,
Neotrygon kuhlii,,,,,,,,,,,,,,,,,,,,,,,,,,,,,,,,,,,,,,,
Neotrygon leylandi,,,,,,,,,,,,,,,,,,,,,,,,,,,,,,,,,,,,,,,
Neotrygon ningalooensis,,,,,,,,,,,,,,,,,,,,,,,,,,,,,,,,,,,,,,,
Neotrygon orientalis,,,,,,,,,,,,,,,,,,,,,,,,,,,,,,,,,,,,,,,
Neotrygon picta,,,,,,,,,,,,,,,,,,,,,,,,,,,,,,,,,,,,,,,
Neotrygon trigonoides,,,,,,,,,,,,,,,,,,,,,,,,,,,,,,,,,,,,,,,
Neotrygon varidens,,,,,,,,,,,,,,,,,,,,,,,,,,,,,,,,,,,,,,,
Pastinachus ater,,,,,,,,,,,,,,,,,,,,,,,,,,,,,,,,,,,,,,,
Pastinachus gracilicaudus,,,,,,,,,,,,,,,,,,,,,,,,,,,,,,,,,,,,,,,
Pastinachus sephen,,,,,,,,,,,,,,,,,,,,,,,,,,,,,,,,,,,,,,,
Pastinachus solocirostris,,,,,,,,,,,,,,,,,,,,,,,,,,,,,,,,,,,,,,,
Pastinachus stellurostris,,,,,,,,,,,,,,,,,,,,,,,,,,,,,,,,,,,,,,,
Pateobatis bleekeri,,,,,,,,,,,,,,,,,,,,,,,,,,,,,,,,,,,,,,,
Pateobatis fai,,,,,,,,,,,,,,,,,,,,,,,,,,,,,,,,,,,,,,,
Pateobatis hortlei,,,,,,,,,,,,,,,,,,,,,,,,,,,,,,,,,,,,,,,
Pateobatis jenkinsii,,,,,,,,,,,,,,,,,,,,,,,,,,,,,,,,,,,,,,,
Pateobatis uarnacoides,,,,,,,,,,,,,,,,,,,,,,,,,,,,,,,,,,,,,,,
Pteroplatytrygon violacea,,,,,,,,,,,,,,,,,,,,,,,,,,,,,,,,,,,,,,,
Taeniura lessoni,,,,,,,,,,,,,,,,,,,,,,,,,,,,,,,,,,,,,,,
Taeniura lymma,,,,,,,,,,,,,,,,,,,,,,,,,,,,,,,,,,,,,,,
Taeniurops grabatus,,,,,,,,,,,,,,,,,,,,,,,,,,,,,,,,,,,,,,,
Taeniurops meyeni,,,,,,,,,,,,,,,,,,,,,,,,,,,,,,,,,,,,,,,
Telatrygon acutirostra,,,,,,,,,,,,,,,,,,,,,,,,,,,,,,,,,,,,,,,
Telatrygon biasa,,,,,,,,,,,,,,,,,,,,,,,,,,,,,,,,,,,,,,,
Telatrygon crozieri,,,,,,,,,,,,,,,,,,,,,,,,,,,,,,,,,,,,,,,
Telatrygon zugei,,,,,,,,,,,,,,,,,,,,,,,,,,,,,,,,,,,,,,,
Urogymnus acanthobothrium,,,,,,,,,,,,,,,,,,,,,,,,,,,,,,,,,,,,,,,
Urogymnus asperrimus,,,,,,,,,,,,,,,,,,,,,,,,,,,,,,,,,,,,,,,
Urogymnus dalyensis,,,,,,,,,,,,,,,,,,,,,,,,,,,,,,,,,,,,,,,
Urogymnus granulatus,,,,,,,,,,,,,,,,,,,,,,,,,,,,,,,,,,,,,,,
Urogymnus lobistoma,,,,,,,,,,,,,,,,,,,,,,,,,,,,,,,,,,,,,,,
Urogymnus polylepis,,,,,,,,,,,,,,,,,,,,,,,,,,,,,,,,,,,,,,,
Gymnura altavela,,,,,,,,,,,,,,,,,,,,,,,,,,,,,,,,,,,,,,,
Gymnura australis,,,,,,,,,,,,,,,,,,,,,,,,,,,,,,,,,,,,,,,
Gymnura crebripunctata,,,,,,,,,,,,,,,,,,,,,,,,,,,,,,,,,,,,,,,
Gymnura japonica,,,,,,,,,,,,,,,,,,,,,,,,,,,,,,,,,,,,,,,
Gymnura lessae,,,,,,,,,,,,,,,,,,,,,,,,,,,,,,,,,,,,,,,
Gymnura marmorata,,,,,,,,,,,,,,,,,,,,,,,,,,,,,,,,,,,,,,,
Gymnura micrura,,,,,,,,,,,,,,,,,,,,,,,,,,,,,,,,,,,,,,,
Gymnura natalensis,,,,,,,,,,,,,,,,,,,,,,,,,,,,,,,,,,,,,,,
Gymnura poecilura,,,,,,,,,,,,,,,,,,,,,,,,,,,,,,,,,,,,,,,
Gymnura sereti,,,,,,,,,,,,,,,,,,,,,,,,,,,,,,,,,,,,,,,
Gymnura tentaculata,,,,,,,,,,,,,,,,,,,,,,,,,,,,,,,,,,,,,,,
Gymnura zonura,,,,,,,,,,,,,,,,,,,,,,,,,,,,,,,,,,,,,,,
Hexatrygon bickelli,,,,,,,,,,,,,,,,,,,,,,,,,,,,,,,,,,,,,,,
Mobula alfredi,,,,,,,,,,,,,,,,,,,,,,,,,,,,,,,,,,,,,,,
Mobula birostris,,,,,,,,,,,,,,,,,,,,,,,,,,,,,,,,,,,,,,,
Mobula eregoodoo,,,,,,,,,,,,,,,,,,,,,,,,,,,,,,,,,,,,,,,
Mobula hypostoma,,,,,,,,,,,,,,,,,,,,,,,,,,,,,,,,,,,,,,,
Mobula japanica,,,,,,,,,,,,,,,,,,,,,,,,,,,,,,,,,,,,,,,
Mobula kuhlii,,,,,,,,,,,,,,,,,,,,,,,,,,,,,,,,,,,,,,,
Mobula mobular,,,,,,,,,,,,,,,,,,,,,,,,,,,,,,,,,,,,,,,
Mobula munkiana,,,,,,,,,,,,,,,,,,,,,,,,,,,,,,,,,,,,,,,
Mobula rochebrunei,,,,,,,,,,,,,,,,,,,,,,,,,,,,,,,,,,,,,,,
Mobula tarapacana,,,,,,,,,,,,,,,,,,,,,,,,,,,,,,,,,,,,,,,
Mobula thurstoni,,,,,,,,,,,,,,,,,,,,,,,,,,,,,,,,,,,,,,,
Aetomylaeus asperrimus,,,,,,,,,,,,,,,,,,,,,,,,,,,,,,,,,,,,,,,
Aetomylaeus bovinus,,,,,,,,,,,,,,,,,,,,,,,,,,,,,,,,,,,,,,,
Aetomylaeus caeruleofasciatus,,,,,,,,,,,,,,,,,,,,,,,,,,,,,,,,,,,,,,,
Aetomylaeus maculatus,,,,,,,,,,,,,,,,,,,,,,,,,,,,,,,,,,,,,,,
Aetomylaeus milvus,,,,,,,,,,,,,,,,,,,,,,,,,,,,,,,,,,,,,,,
Aetomylaeus nichofii,,,,,,,,,,,,,,,,,,,,,,,,,,,,,,,,,,,,,,,
Aetomylaeus vespertilio,,,,,,,,,,,,,,,,,,,,,,,,,,,,,,,,,,,,,,,
Aetomylaeus wafickii,,,,,,,,,,,,,,,,,,,,,,,,,,,,,,,,,,,,,,,
Myliobatis aquila,,,,,,,,,,,,,,,,,,,,,,,,,,,,,,,,,,,,,,,
Myliobatis californicus,,,,,,,,,,,,,,,,,,,,,,,,,,,,,,,,,,,,,,,
Myliobatis chilensis,,,,,,,,,,,,,,,,,,,,,,,,,,,,,,,,,,,,,,,
Myliobatis freminvillei,,,,,,,,,,,,,,,,,,,,,,,,,,,,,,,,,,,,,,,
Myliobatis goodei,,,,,,,,,,,,,,,,,,,,,,,,,,,,,,,,,,,,,,,
Myliobatis hamlyni,,,,,,,,,,,,,,,,,,,,,,,,,,,,,,,,,,,,,,,
Myliobatis longirostris,,,,,,,,,,,,,,,,,,,,,,,,,,,,,,,,,,,,,,,
Myliobatis peruvianus,,,,,,,,,,,,,,,,,,,,,,,,,,,,,,,,,,,,,,,
Myliobatis ridens,,,,,,,,,,,,,,,,,,,,,,,,,,,,,,,,,,,,,,,
Myliobatis tenuicaudatus,,,,,,,,,,,,,,,,,,,,,,,,,,,,,,,,,,,,,,,
Myliobatis tobijei,,,,,,,,,,,,,,,,,,,,,,,,,,,,,,,,,,,,,,,
Plesiobatis daviesi,,,,,,,,,,,,,,,,,,,,,,,,,,,,,,,,,,,,,,,
Paratrygon aiereba,,,,,,,,,,,,,,,,,,,,,,,,,,,,,,,,,,,,,,,
Plesiotrygon iwamae,,,,,,,,,,,,,,,,,,,,,,,,,,,,,,,,,,,,,,,
Plesiotrygon nana,,,,,,,,,,,,,,,,,,,,,,,,,,,,,,,,,,,,,,,
Potamotrygon brachyura,,,,,,,,,,,,,,,,,,,,,,,,,,,,,,,,,,,,,,,
Potamotrygon falkneri,,,,,,,,,,,,,,,,,,,,,,,,,,,,,,,,,,,,,,,
Potamotrygon histrix,,,,,,,,,,,,,,,,,,,,,,,,,,,,,,,,,,,,,,,
Potamotrygon magdalenae,,,,,,,,,,,,,,,,,,,,,,,,,,,,,,,,,,,,,,,
Potamotrygon motoro,,,,,,,,,,,,,,,,,,,,,,,,,,,,,,,,,,,,,,,
Potamotrygon scobina,,,,,,,,,,,,,,,,,,,,,,,,,,,,,,,,,,,,,,,
Potamotrygon tatianae,,,,,,,,,,,,,,,,,,,,,,,,,,,,,,,,,,,,,,,
Potamotrygon tigrina,,,,,,,,,,,,,,,,,,,,,,,,,,,,,,,,,,,,,,,
Potamotrygon yepezi,,,,,,,,,,,,,,,,,,,,,,,,,,,,,,,,,,,,,,,
Styracura pacifica,,,,,,,,,,,,,,,,,,,,,,,,,,,,,,,,,,,,,,,
Styracura schmardae,,,,,,,,,,,,,,,,,,,,,,,,,,,,,,,,,,,,,,,
Rhinoptera bonasus,,,,,,,,,,,,,,,,,,,,,,,,,,,,,,,,,,,,,,,
Rhinoptera brasiliensis,,,,,,,,,,,,,,,,,,,,,,,,,,,,,,,,,,,,,,,
Rhinoptera javanica,,,,,,,,,,,,,,,,,,,,,,,,,,,,,,,,,,,,,,,
Rhinoptera jayakari,,,,,,,,,,,,,,,,,,,,,,,,,,,,,,,,,,,,,,,
Rhinoptera marginata,,,,,,,,,,,,,,,,,,,,,,,,,,,,,,,,,,,,,,,
Rhinoptera neglecta,,,,,,,,,,,,,,,,,,,,,,,,,,,,,,,,,,,,,,,
Rhinoptera steindachneri,,,,,,,,,,,,,,,,,,,,,,,,,,,,,,,,,,,,,,,
Spinilophus armatus,,,,,,,,,,,,,,,,,,,,,,,,,,,,,,,,,,,,,,,
Trygonoptera galba,,,,,,,,,,,,,,,,,,,,,,,,,,,,,,,,,,,,,,,
Trygonoptera imitata,,,,,,,,,,,,,,,,,,,,,,,,,,,,,,,,,,,,,,,
Trygonoptera mucosa,,,,,,,,,,,,,,,,,,,,,,,,,,,,,,,,,,,,,,,
Trygonoptera ovalis,,,,,,,,,,,,,,,,,,,,,,,,,,,,,,,,,,,,,,,
Trygonoptera personata,,,,,,,,,,,,,,,,,,,,,,,,,,,,,,,,,,,,,,,
Trygonoptera testacea,,,,,,,,,,,,,,,,,,,,,,,,,,,,,,,,,,,,,,,
Urolophus aurantiacus,,,,,,,,,,,,,,,,,,,,,,,,,,,,,,,,,,,,,,,
Urolophus bucculentus,,,,,,,,,,,,,,,,,,,,,,,,,,,,,,,,,,,,,,,
Urolophus circularis,,,,,,,,,,,,,,,,,,,,,,,,,,,,,,,,,,,,,,,
Urolophus cruciatus,,,,,,,,,,,,,,,,,,,,,,,,,,,,,,,,,,,,,,,
Urolophus deforgesi,,,,,,,,,,,,,,,,,,,,,,,,,,,,,,,,,,,,,,,
Urolophus expansus,,,,,,,,,,,,,,,,,,,,,,,,,,,,,,,,,,,,,,,
Urolophus flavomosaicus,,,,,,,,,,,,,,,,,,,,,,,,,,,,,,,,,,,,,,,
Urolophus gigas,,,,,,,,,,,,,,,,,,,,,,,,,,,,,,,,,,,,,,,
Urolophus javanicus,,,,,,,,,,,,,,,,,,,,,,,,,,,,,,,,,,,,,,,
Urolophus kaianus,,,,,,,,,,,,,,,,,,,,,,,,,,,,,,,,,,,,,,,
Urolophus kapalensis,,,,,,,,,,,,,,,,,,,,,,,,,,,,,,,,,,,,,,,
Urolophus lobatus,,,,,,,,,,,,,,,,,,,,,,,,,,,,,,,,,,,,,,,
Urolophus mitosis,,,,,,,,,,,,,,,,,,,,,,,,,,,,,,,,,,,,,,,
Urolophus neocaledoniensis,,,,,,,,,,,,,,,,,,,,,,,,,,,,,,,,,,,,,,,
Urolophus orarius,,,,,,,,,,,,,,,,,,,,,,,,,,,,,,,,,,,,,,,
Urolophus papilio,,,,,,,,,,,,,,,,,,,,,,,,,,,,,,,,,,,,,,,
Urolophus paucimaculatus,,,,,,,,,,,,,,,,,,,,,,,,,,,,,,,,,,,,,,,
Urolophus piperatus,,,,,,,,,,,,,,,,,,,,,,,,,,,,,,,,,,,,,,,
Urolophus sufflavus,,,,,,,,,,,,,,,,,,,,,,,,,,,,,,,,,,,,,,,
Urolophus viridis,,,,,,,,,,,,,,,,,,,,,,,,,,,,,,,,,,,,,,,
Urolophus westraliensis,,,,,,,,,,,,,,,,,,,,,,,,,,,,,,,,,,,,,,,
Urobatis concentricus,,,,,,,,,,,,,,,,,,,,,,,,,,,,,,,,,,,,,,,
Urobatis halleri,,,,,,,,,,,,,,,,,,,,,,,,,,,,,,,,,,,,,,,
Urobatis jamaicensis,,,,,,,,,,,,,,,,,,,,,,,,,,,,,,,,,,,,,,,
Urobatis maculatus,,,,,,,,,,,,,,,,,,,,,,,,,,,,,,,,,,,,,,,
Urobatis marmoratus,,,,,,,,,,,,,,,,,,,,,,,,,,,,,,,,,,,,,,,
Urobatis pardalis,,,,,,,,,,,,,,,,,,,,,,,,,,,,,,,,,,,,,,,
Urobatis tumbesensis,,,,,,,,,,,,,,,,,,,,,,,,,,,,,,,,,,,,,,,
Urotrygon aspidura,,,,,,,,,,,,,,,,,,,,,,,,,,,,,,,,,,,,,,,
Urotrygon chilensis,,,,,,,,,,,,,,,,,,,,,,,,,,,,,,,,,,,,,,,
Urotrygon cimar,,,,,,,,,,,,,,,,,,,,,,,,,,,,,,,,,,,,,,,
Urotrygon microphthalmum,,,,,,,,,,,,,,,,,,,,,,,,,,,,,,,,,,,,,,,
Urotrygon munda,,,,,,,,,,,,,,,,,,,,,,,,,,,,,,,,,,,,,,,
Urotrygon nana,,,,,,,,,,,,,,,,,,,,,,,,,,,,,,,,,,,,,,,
Urotrygon reticulata,,,,,,,,,,,,,,,,,,,,,,,,,,,,,,,,,,,,,,,
Urotrygon rogersi,,,,,,,,,,,,,,,,,,,,,,,,,,,,,,,,,,,,,,,
Urotrygon simulatrix,,,,,,,,,,,,,,,,,,,,,,,,,,,,,,,,,,,,,,,
Urotrygon venezuelae,,,,,,,,,,,,,,,,,,,,,,,,,,,,,,,,,,,,,,,
Zanobatus maculatus,,,,,,,,,,,,,,,,,,,,,,,,,,,,,,,,,,,,,,,
Zanobatus schoenleinii,,,,,,,,,,,,,,,,,,,,,,,,,,,,,,,,,,,,,,,
Anacanthobatis marmorata,,,,,,,,,,,,,,,,,,,,,,,,,,,,,,,,,,,,,,,
Indobatis ori,,,,,,,,,,,,,,,,,,,,,,,,,,,,,,,,,,,,,,,
Schroederobatis americana,,,,,,,,,,,,,,,,,,,,,,,,,,,,,,,,,,,,,,,
Sinobatis andamanensis,,,,,,,,,,,,,,,,,,,,,,,,,,,,,,,,,,,,,,,
Sinobatis borneensis,,,,,,,,,,,,,,,,,,,,,,,,,,,,,,,,,,,,,,,
Sinobatis brevicauda,,,,,,,,,,,,,,,,,,,,,,,,,,,,,,,,,,,,,,,
Sinobatis bulbicauda,,,,,,,,,,,,,,,,,,,,,,,,,,,,,,,,,,,,,,,
Sinobatis caerulea,,,,,,,,,,,,,,,,,,,,,,,,,,,,,,,,,,,,,,,
Sinobatis filicauda,,,,,,,,,,,,,,,,,,,,,,,,,,,,,,,,,,,,,,,
Sinobatis kotlyari,,,,,,,,,,,,,,,,,,,,,,,,,,,,,,,,,,,,,,,
Sinobatis melanosoma,,,,,,,,,,,,,,,,,,,,,,,,,,,,,,,,,,,,,,,
Sinobatis stenosoma,,,,,,,,,,,,,,,,,,,,,,,,,,,,,,,,,,,,,,,
Springeria folirostris,,,,,,,,,,,,,,,,,,,,,,,,,,,,,,,,,,,,,,,
Springeria longirostris,,,,,,,,,,,,,,,,,,,,,,,,,,,,,,,,,,,,,,,
Arctoraja sexoculata,,,,,,,,,,,,,,,,,,,,,,,,,,,,,,,,,,,,,,,
Arhynchobatis asperrimus,,,,,,,,,,,,,,,,,,,,,,,,,,,,,,,,,,,,,,,
Atlantoraja castelnaui,,,,,,,,,,,,,,,,,,,,,,,,,,,,,,,,,,,,,,,
Atlantoraja cyclophora,,,,,,,,,,,,,,,,,,,,,,,,,,,,,,,,,,,,,,,
Atlantoraja platana,,,,,,,,,,,,,,,,,,,,,,,,,,,,,,,,,,,,,,,
Bathyraja abyssicola,,,,,,,,,,,,,,,,,,,,,,,,,,,,,,,,,,,,,,,
Bathyraja aguja,,,,,,,,,,,,,,,,,,,,,,,,,,,,,,,,,,,,,,,
Bathyraja albomaculata,,,,,,,,,,,,,,,,,,,,,,,,,,,,,,,,,,,,,,,
Bathyraja aleutica,,,,,,,,,,,,,,,,,,,,,,,,,,,,,,,,,,,,,,,
Bathyraja andriashevi,,,,,,,,,,,,,,,,,,,,,,,,,,,,,,,,,,,,,,,
Bathyraja bergi,,,,,,,,,,,,,,,,,,,,,,,,,,,,,,,,,,,,,,,
Bathyraja brachyurops,,,,,,,,,,,,,,,,,,,,,,,,,,,,,,,,,,,,,,,
Bathyraja cousseauae,,,,,,,,,,,,,,,,,,,,,,,,,,,,,,,,,,,,,,,
Bathyraja diplotaenia,,,,,,,,,,,,,,,,,,,,,,,,,,,,,,,,,,,,,,,
Bathyraja eatonii,,,,,,,,,,,,,,,,,,,,,,,,,,,,,,,,,,,,,,,
Bathyraja fedorovi,,,,,,,,,,,,,,,,,,,,,,,,,,,,,,,,,,,,,,,
Bathyraja griseocauda,,,,,,,,,,,,,,,,,,,,,,,,,,,,,,,,,,,,,,,
Bathyraja hesperafricana,,,,,,,,,,,,,,,,,,,,,,,,,,,,,,,,,,,,,,,
Bathyraja interrupta,,,,,,,,,,,,,,,,,,,,,,,,,,,,,,,,,,,,,,,
Bathyraja irrasa,,,,,,,,,,,,,,,,,,,,,,,,,,,,,,,,,,,,,,,
Bathyraja ishiharai,,,,,,,,,,,,,,,,,,,,,,,,,,,,,,,,,,,,,,,
Bathyraja isotrachys,,,,,,,,,,,,,,,,,,,,,,,,,,,,,,,,,,,,,,,
Bathyraja kincaidii,,,,,,,,,,,,,,,,,,,,,,,,,,,,,,,,,,,,,,,
Bathyraja leucomelanos,,,,,,,,,,,,,,,,,,,,,,,,,,,,,,,,,,,,,,,
Bathyraja lindbergi,,,,,,,,,,,,,,,,,,,,,,,,,,,,,,,,,,,,,,,
Bathyraja longicauda,,,,,,,,,,,,,,,,,,,,,,,,,,,,,,,,,,,,,,,
Bathyraja maccaini,,,,,,,,,,,,,,,,,,,,,,,,,,,,,,,,,,,,,,,
Bathyraja macloviana,,,,,,,,,,,,,,,,,,,,,,,,,,,,,,,,,,,,,,,
Bathyraja maculata,,,,,,,,,,,,,,,,,,,,,,,,,,,,,,,,,,,,,,,
Bathyraja magellanica,,,,,,,,,,,,,,,,,,,,,,,,,,,,,,,,,,,,,,,
Bathyraja mariposa,,,,,,,,,,,,,,,,,,,,,,,,,,,,,,,,,,,,,,,
Bathyraja matsubarai,,,,,,,,,,,,,,,,,,,,,,,,,,,,,,,,,,,,,,,
Bathyraja meridionalis,,,,,,,,,,,,,,,,,,,,,,,,,,,,,,,,,,,,,,,
Bathyraja microtrachys,,,,,,,,,,,,,,,,,,,,,,,,,,,,,,,,,,,,,,,
Bathyraja minispinosa,,,,,,,,,,,,,,,,,,,,,,,,,,,,,,,,,,,,,,,
Bathyraja multispinis,,,,,,,,,,,,,,,,,,,,,,,,,,,,,,,,,,,,,,,
Bathyraja murrayi,,,,,,,,,,,,,,,,,,,,,,,,,,,,,,,,,,,,,,,
Bathyraja pacifica,,,,,,,,,,,,,,,,,,,,,,,,,,,,,,,,,,,,,,,
Bathyraja pallida,,,,,,,,,,,,,,,,,,,,,,,,,,,,,,,,,,,,,,,
Bathyraja panthera,,,,,,,,,,,,,,,,,,,,,,,,,,,,,,,,,,,,,,,
Bathyraja papilionifera,,,,,,,,,,,,,,,,,,,,,,,,,,,,,,,,,,,,,,,
Bathyraja parmifera,,,,,,,,,,,,,,,,,,,,,,,,,,,,,,,,,,,,,,,
Bathyraja peruana,,,,,,,,,,,,,,,,,,,,,,,,,,,,,,,,,,,,,,,
Bathyraja richardsoni,,,,,,,,,,,,,,,,,,,,,,,,,,,,,,,,,,,,,,,
Bathyraja scaphiops,,,,,,,,,,,,,,,,,,,,,,,,,,,,,,,,,,,,,,,
Bathyraja schroederi,,,,,,,,,,,,,,,,,,,,,,,,,,,,,,,,,,,,,,,
Bathyraja shuntovi,,,,,,,,,,,,,,,,,,,,,,,,,,,,,,,,,,,,,,,
Bathyraja smirnovi,,,,,,,,,,,,,,,,,,,,,,,,,,,,,,,,,,,,,,,
Bathyraja smithii,,,,,,,,,,,,,,,,,,,,,,,,,,,,,,,,,,,,,,,
Bathyraja spinicauda,,,,,,,,,,,,,,,,,,,,,,,,,,,,,,,,,,,,,,,
Bathyraja spinosissima,,,,,,,,,,,,,,,,,,,,,,,,,,,,,,,,,,,,,,,
Bathyraja taranetzi,,,,,,,,,,,,,,,,,,,,,,,,,,,,,,,,,,,,,,,
Bathyraja trachouros,,,,,,,,,,,,,,,,,,,,,,,,,,,,,,,,,,,,,,,
Bathyraja trachura,,,,,,,,,,,,,,,,,,,,,,,,,,,,,,,,,,,,,,,
Bathyraja tunae,,,,,,,,,,,,,,,,,,,,,,,,,,,,,,,,,,,,,,,
Bathyraja tzinovskii,,,,,,,,,,,,,,,,,,,,,,,,,,,,,,,,,,,,,,,
Bathyraja violacea,,,,,,,,,,,,,,,,,,,,,,,,,,,,,,,,,,,,,,,
Brochiraja aenigma,,,,,,,,,,,,,,,,,,,,,,,,,,,,,,,,,,,,,,,
Brochiraja albilabiata,,,,,,,,,,,,,,,,,,,,,,,,,,,,,,,,,,,,,,,
Brochiraja asperula,,,,,,,,,,,,,,,,,,,,,,,,,,,,,,,,,,,,,,,
Brochiraja heuresa,,,,,,,,,,,,,,,,,,,,,,,,,,,,,,,,,,,,,,,
Brochiraja leviveneta,,,,,,,,,,,,,,,,,,,,,,,,,,,,,,,,,,,,,,,
Brochiraja microspinifera,,,,,,,,,,,,,,,,,,,,,,,,,,,,,,,,,,,,,,,
Brochiraja spinifera,,,,,,,,,,,,,,,,,,,,,,,,,,,,,,,,,,,,,,,
Brochiraja vittacauda,,,,,,,,,,,,,,,,,,,,,,,,,,,,,,,,,,,,,,,
Insentiraja laxipella,,,,,,,,,,,,,,,,,,,,,,,,,,,,,,,,,,,,,,,
Insentiraja subtilispinosa,,,,,,,,,,,,,,,,,,,,,,,,,,,,,,,,,,,,,,,
Irolita waitii,,,,,,,,,,,,,,,,,,,,,,,,,,,,,,,,,,,,,,,
Irolita westraliensis,,,,,,,,,,,,,,,,,,,,,,,,,,,,,,,,,,,,,,,
Notoraja alisae,,,,,,,,,,,,,,,,,,,,,,,,,,,,,,,,,,,,,,,
Notoraja azurea,,,,,,,,,,,,,,,,,,,,,,,,,,,,,,,,,,,,,,,
Notoraja fijiensis,,,,,,,,,,,,,,,,,,,,,,,,,,,,,,,,,,,,,,,
Notoraja hirticauda,,,,,,,,,,,,,,,,,,,,,,,,,,,,,,,,,,,,,,,
Notoraja inusitata,,,,,,,,,,,,,,,,,,,,,,,,,,,,,,,,,,,,,,,
Notoraja lira,,,,,,,,,,,,,,,,,,,,,,,,,,,,,,,,,,,,,,,
Notoraja longiventralis,,,,,,,,,,,,,,,,,,,,,,,,,,,,,,,,,,,,,,,
Notoraja martinezi,,,,,,,,,,,,,,,,,,,,,,,,,,,,,,,,,,,,,,,
Notoraja ochroderma,,,,,,,,,,,,,,,,,,,,,,,,,,,,,,,,,,,,,,,
Notoraja sapphira,,,,,,,,,,,,,,,,,,,,,,,,,,,,,,,,,,,,,,,
Notoraja sereti,,,,,,,,,,,,,,,,,,,,,,,,,,,,,,,,,,,,,,,
Notoraja sticta,,,,,,,,,,,,,,,,,,,,,,,,,,,,,,,,,,,,,,,
Notoraja tobitukai,,,,,,,,,,,,,,,,,,,,,,,,,,,,,,,,,,,,,,,
Pavoraja alleni,,,,,,,,,,,,,,,,,,,,,,,,,,,,,,,,,,,,,,,
Pavoraja arenaria,,,,,,,,,,,,,,,,,,,,,,,,,,,,,,,,,,,,,,,
Pavoraja mosaica,,,,,,,,,,,,,,,,,,,,,,,,,,,,,,,,,,,,,,,
Pavoraja nitida,,,,,,,,,,,,,,,,,,,,,,,,,,,,,,,,,,,,,,,
Pavoraja pseudonitida,,,,,,,,,,,,,,,,,,,,,,,,,,,,,,,,,,,,,,,
Pavoraja umbrosa,,,,,,,,,,,,,,,,,,,,,,,,,,,,,,,,,,,,,,,
Psammobatis bergi,,,,,,,,,,,,,,,,,,,,,,,,,,,,,,,,,,,,,,,
Psammobatis extenta,,,,,,,,,,,,,,,,,,,,,,,,,,,,,,,,,,,,,,,
Psammobatis lentiginosa,,,,,,,,,,,,,,,,,,,,,,,,,,,,,,,,,,,,,,,
Psammobatis normani,,,,,,,,,,,,,,,,,,,,,,,,,,,,,,,,,,,,,,,
Psammobatis rudis,,,,,,,,,,,,,,,,,,,,,,,,,,,,,,,,,,,,,,,
Psammobatis rutrum,,,,,,,,,,,,,,,,,,,,,,,,,,,,,,,,,,,,,,,
Psammobatis scobina,,,,,,,,,,,,,,,,,,,,,,,,,,,,,,,,,,,,,,,
Pseudoraja fischeri,,,,,,,,,,,,,,,,,,,,,,,,,,,,,,,,,,,,,,,
Rhinoraja kujiensis,,,,,,,,,,,,,,,,,,,,,,,,,,,,,,,,,,,,,,,
Rhinoraja longicauda,,,,,,,,,,,,,,,,,,,,,,,,,,,,,,,,,,,,,,,
Rhinoraja odai,,,,,,,,,,,,,,,,,,,,,,,,,,,,,,,,,,,,,,,
Rioraja agassizii,,,,,,,,,,,,,,,,,,,,,,,,,,,,,,,,,,,,,,,
Sympterygia acuta,,,,,,,,,,,,,,,,,,,,,,,,,,,,,,,,,,,,,,,
Sympterygia bonapartii,,,,,,,,,,,,,,,,,,,,,,,,,,,,,,,,,,,,,,,
Sympterygia brevicaudata,,,,,,,,,,,,,,,,,,,,,,,,,,,,,,,,,,,,,,,
Sympterygia lima,,,,,,,,,,,,,,,,,,,,,,,,,,,,,,,,,,,,,,,
Cruriraja andamanica,,,,,,,,,,,,,,,,,,,,,,,,,,,,,,,,,,,,,,,
Cruriraja atlantis,,,,,,,,,,,,,,,,,,,,,,,,,,,,,,,,,,,,,,,
Cruriraja cadenati,,,,,,,,,,,,,,,,,,,,,,,,,,,,,,,,,,,,,,,
Cruriraja durbanensis,,,,,,,,,,,,,,,,,,,,,,,,,,,,,,,,,,,,,,,
Cruriraja hulleyi,,,,,,,,,,,,,,,,,,,,,,,,,,,,,,,,,,,,,,,
Cruriraja parcomaculata,,,,,,,,,,,,,,,,,,,,,,,,,,,,,,,,,,,,,,,
Cruriraja poeyi,,,,,,,,,,,,,,,,,,,,,,,,,,,,,,,,,,,,,,,
Cruriraja rugosa,,,,,,,,,,,,,,,,,,,,,,,,,,,,,,,,,,,,,,,
Fenestraja atripinna,,,,,,,,,,,,,,,,,,,,,,,,,,,,,,,,,,,,,,,
Fenestraja cubensis,,,,,,,,,,,,,,,,,,,,,,,,,,,,,,,,,,,,,,,
Fenestraja ishiyamai,,,,,,,,,,,,,,,,,,,,,,,,,,,,,,,,,,,,,,,
Fenestraja maceachrani,,,,,,,,,,,,,,,,,,,,,,,,,,,,,,,,,,,,,,,
Fenestraja mamillidens,,,,,,,,,,,,,,,,,,,,,,,,,,,,,,,,,,,,,,,
Fenestraja plutonia,,,,,,,,,,,,,,,,,,,,,,,,,,,,,,,,,,,,,,,
Fenestraja sibogae,,,,,,,,,,,,,,,,,,,,,,,,,,,,,,,,,,,,,,,
Fenestraja sinusmexicanus,,,,,,,,,,,,,,,,,,,,,,,,,,,,,,,,,,,,,,,
Gurgesiella atlantica,,,,,,,,,,,,,,,,,,,,,,,,,,,,,,,,,,,,,,,
Gurgesiella dorsalifera,,,,,,,,,,,,,,,,,,,,,,,,,,,,,,,,,,,,,,,
Gurgesiella furvescens,,,,,,,,,,,,,,,,,,,,,,,,,,,,,,,,,,,,,,,
Amblyraja badia,,,,,,,,,,,,,,,,,,,,,,,,,,,,,,,,,,,,,,,
Amblyraja doellojuradoi,,,,,,,,,,,,,,,,,,,,,,,,,,,,,,,,,,,,,,,
Amblyraja frerichsi,,,,,,,,,,,,,,,,,,,,,,,,,,,,,,,,,,,,,,,
Amblyraja georgiana,,,,,,,,,,,,,,,,,,,,,,,,,,,,,,,,,,,,,,,
Amblyraja hyperborea,,,,,,,,,,,,,,,,,,,,,,,,,,,,,,,,,,,,,,,
Amblyraja jenseni,,,,,,,,,,,,,,,,,,,,,,,,,,,,,,,,,,,,,,,
Amblyraja radiata,,,,,,,,,,,,,,,,,,,,,,,,,,,,,,,,,,,,,,,
Amblyraja reversa,,,,,,,,,,,,,,,,,,,,,,,,,,,,,,,,,,,,,,,
Amblyraja taaf,,,,,,,,,,,,,,,,,,,,,,,,,,,,,,,,,,,,,,,
Beringraja binoculata,,,,,,,,,,,,,,,,,,,,,,,,,,,,,,,,,,,,,,,
Beringraja cortezensis,,,,,,,,,,,,,,,,,,,,,,,,,,,,,,,,,,,,,,,
Beringraja inornata,,,,,,,,,,,,,,,,,,,,,,,,,,,,,,,,,,,,,,,
Beringraja pulchra,,,,,,,,,,,,,,,,,,,,,,,,,,,,,,,,,,,,,,,
Beringraja rhina,,,,,,,,,,,,,,,,,,,,,,,,,,,,,,,,,,,,,,,
Beringraja stellulata,,,,,,,,,,,,,,,,,,,,,,,,,,,,,,,,,,,,,,,
Breviraja claramaculata,,,,,,,,,,,,,,,,,,,,,,,,,,,,,,,,,,,,,,,
Breviraja colesi,,,,,,,,,,,,,,,,,,,,,,,,,,,,,,,,,,,,,,,
Breviraja mouldi,,,,,,,,,,,,,,,,,,,,,,,,,,,,,,,,,,,,,,,
Breviraja nigriventralis,,,,,,,,,,,,,,,,,,,,,,,,,,,,,,,,,,,,,,,
Breviraja spinosa,,,,,,,,,,,,,,,,,,,,,,,,,,,,,,,,,,,,,,,
Dactylobatus armatus,,,,,,,,,,,,,,,,,,,,,,,,,,,,,,,,,,,,,,,
Dactylobatus clarkii,,,,,,,,,,,,,,,,,,,,,,,,,,,,,,,,,,,,,,,
Dentiraja flindersi,,,,,,,,,,,,,,,,,,,,,,,,,,,,,,,,,,,,,,,
Dentiraja lemprieri,,,,,,,,,,,,,,,,,,,,,,,,,,,,,,,,,,,,,,,
Dentiraja oculus,,,,,,,,,,,,,,,,,,,,,,,,,,,,,,,,,,,,,,,
Dentiraja australis,,,,,,,,,,,,,,,,,,,,,,,,,,,,,,,,,,,,,,,
Dentiraja cerva,,,,,,,,,,,,,,,,,,,,,,,,,,,,,,,,,,,,,,,
Dentiraja confusa,,,,,,,,,,,,,,,,,,,,,,,,,,,,,,,,,,,,,,,
Dentiraja endeavouri,,,,,,,,,,,,,,,,,,,,,,,,,,,,,,,,,,,,,,,
Dentiraja falloarga,,,,,,,,,,,,,,,,,,,,,,,,,,,,,,,,,,,,,,,
Dentiraja healdi,,,,,,,,,,,,,,,,,,,,,,,,,,,,,,,,,,,,,,,
Dentiraja polyommata,,,,,,,,,,,,,,,,,,,,,,,,,,,,,,,,,,,,,,,
Dipturus acrobelus,,,,,,,,,,,,,,,,,,,,,,,,,,,,,,,,,,,,,,,
Dipturus amphispinus,,,,,,,,,,,,,,,,,,,,,,,,,,,,,,,,,,,,,,,
Dipturus apricus,,,,,,,,,,,,,,,,,,,,,,,,,,,,,,,,,,,,,,,
Dipturus argentinensis,,,,,,,,,,,,,,,,,,,,,,,,,,,,,,,,,,,,,,,
Dipturus batis,,,,,,,,,,,,,,,,,,,,,,,,,,,,,,,,,,,,,,,
Dipturus brevicaudatus,,,,,,,,,,,,,,,,,,,,,,,,,,,,,,,,,,,,,,,
Dipturus bullisi,,,,,,,,,,,,,,,,,,,,,,,,,,,,,,,,,,,,,,,
Dipturus campbelli,,,,,,,,,,,,,,,,,,,,,,,,,,,,,,,,,,,,,,,
Dipturus canutus,,,,,,,,,,,,,,,,,,,,,,,,,,,,,,,,,,,,,,,
Dipturus chilensis,,,,,,,,,,,,,,,,,,,,,,,,,,,,,,,,,,,,,,,
Dipturus chinensis,,,,,,,,,,,,,,,,,,,,,,,,,,,,,,,,,,,,,,,
Dipturus crosnieri,,,,,,,,,,,,,,,,,,,,,,,,,,,,,,,,,,,,,,,
Dipturus doutrei,,,,,,,,,,,,,,,,,,,,,,,,,,,,,,,,,,,,,,,
Dipturus ecuadoriensis,,,,,,,,,,,,,,,,,,,,,,,,,,,,,,,,,,,,,,,
Dipturus garricki,,,,,,,,,,,,,,,,,,,,,,,,,,,,,,,,,,,,,,,
Dipturus gigas,,,,,,,,,,,,,,,,,,,,,,,,,,,,,,,,,,,,,,,
Dipturus grahamorum,,,,,,,,,,,,,,,,,,,,,,,,,,,,,,,,,,,,,,,
Dipturus gudgeri,,,,,,,,,,,,,,,,,,,,,,,,,,,,,,,,,,,,,,,
Dipturus innominatus,,,,,,,,,,,,,,,,,,,,,,,,,,,,,,,,,,,,,,,
Dipturus intermedius,,,,,,,,,,,,,,,,,,,,,,,,,,,,,,,,,,,,,,,
Dipturus johannisdavisi,,,,,,,,,,,,,,,,,,,,,,,,,,,,,,,,,,,,,,,
Dipturus kwangtungensis,,,,,,,,,,,,,,,,,,,,,,,,,,,,,,,,,,,,,,,
Dipturus laevis,,,,,,,,,,,,,,,,,,,,,,,,,,,,,,,,,,,,,,,
Dipturus lamillai,,,,,,,,,,,,,,,,,,,,,,,,,,,,,,,,,,,,,,,
Dipturus lanceorostratus,,,,,,,,,,,,,,,,,,,,,,,,,,,,,,,,,,,,,,,
Dipturus leptocaudus,,,,,,,,,,,,,,,,,,,,,,,,,,,,,,,,,,,,,,,
Dipturus macrocauda,,,,,,,,,,,,,,,,,,,,,,,,,,,,,,,,,,,,,,,
Dipturus maugeanus,,,,,,,,,,,,,,,,,,,,,,,,,,,,,,,,,,,,,,,
Dipturus melanospilus,,,,,,,,,,,,,,,,,,,,,,,,,,,,,,,,,,,,,,,
Dipturus mennii,,,,,,,,,,,,,,,,,,,,,,,,,,,,,,,,,,,,,,,
Dipturus nasutus,,,,,,,,,,,,,,,,,,,,,,,,,,,,,,,,,,,,,,,
Dipturus nidarosiensis,,,,,,,,,,,,,,,,,,,,,,,,,,,,,,,,,,,,,,,
Dipturus olseni,,,,,,,,,,,,,,,,,,,,,,,,,,,,,,,,,,,,,,,
Dipturus oregoni,,,,,,,,,,,,,,,,,,,,,,,,,,,,,,,,,,,,,,,
Dipturus oxyrinchus,,,,,,,,,,,,,,,,,,,,,,,,,,,,,,,,,,,,,,,
Dipturus pullopunctatus,,,,,,,,,,,,,,,,,,,,,,,,,,,,,,,,,,,,,,,
Dipturus queenslandicus,,,,,,,,,,,,,,,,,,,,,,,,,,,,,,,,,,,,,,,
Dipturus springeri,,,,,,,,,,,,,,,,,,,,,,,,,,,,,,,,,,,,,,,
Dipturus stenorhynchus,,,,,,,,,,,,,,,,,,,,,,,,,,,,,,,,,,,,,,,
Dipturus teevani,,,,,,,,,,,,,,,,,,,,,,,,,,,,,,,,,,,,,,,
Dipturus tengu,,,,,,,,,,,,,,,,,,,,,,,,,,,,,,,,,,,,,,,
Dipturus trachydermus,,,,,,,,,,,,,,,,,,,,,,,,,,,,,,,,,,,,,,,
Dipturus wengi,,,,,,,,,,,,,,,,,,,,,,,,,,,,,,,,,,,,,,,
Dipturus wuhanlingi,,,,,,,,,,,,,,,,,,,,,,,,,,,,,,,,,,,,,,,
Hongeo koreana,,,,,,,,,,,,,,,,,,,,,,,,,,,,,,,,,,,,,,,
Leucoraja circularis,,,,,,,,,,,,,,,,,,,,,,,,,,,,,,,,,,,,,,,
Leucoraja compagnoi,,,,,,,,,,,,,,,,,,,,,,,,,,,,,,,,,,,,,,,
Leucoraja elaineae,,,,,,,,,,,,,,,,,,,,,,,,,,,,,,,,,,,,,,,
Leucoraja erinacea,,,,,,,,,,,,,,,,,,,,,,,,,,,,,,,,,,,,,,,
Leucoraja fullonica,,,,,,,,,,,,,,,,,,,,,,,,,,,,,,,,,,,,,,,
Leucoraja garmani,,,,,,,,,,,,,,,,,,,,,,,,,,,,,,,,,,,,,,,
Leucoraja lentiginosa,,,,,,,,,,,,,,,,,,,,,,,,,,,,,,,,,,,,,,,
Leucoraja leucosticta,,,,,,,,,,,,,,,,,,,,,,,,,,,,,,,,,,,,,,,
Leucoraja melitensis,,,,,,,,,,,,,,,,,,,,,,,,,,,,,,,,,,,,,,,
Leucoraja naevus,,,,,,,,,,,,,,,,,,,,,,,,,,,,,,,,,,,,,,,
Leucoraja ocellata,,,,,,,,,,,,,,,,,,,,,,,,,,,,,,,,,,,,,,,
Leucoraja pristispina,,,,,,,,,,,,,,,,,,,,,,,,,,,,,,,,,,,,,,,
Leucoraja wallacei,,,,,,,,,,,,,,,,,,,,,,,,,,,,,,,,,,,,,,,
Leucoraja yucatanensis,,,,,,,,,,,,,,,,,,,,,,,,,,,,,,,,,,,,,,,
Malacoraja kreffti,,,,,,,,,,,,,,,,,,,,,,,,,,,,,,,,,,,,,,,
Malacoraja obscura,,,,,,,,,,,,,,,,,,,,,,,,,,,,,,,,,,,,,,,
Malacoraja senta,,,,,,,,,,,,,,,,,,,,,,,,,,,,,,,,,,,,,,,
Malacoraja spinacidermis,,,,,,,,,,,,,,,,,,,,,,,,,,,,,,,,,,,,,,,
Neoraja africana,,,,,,,,,,,,,,,,,,,,,,,,,,,,,,,,,,,,,,,
Neoraja caerulea,,,,,,,,,,,,,,,,,,,,,,,,,,,,,,,,,,,,,,,
Neoraja carolinensis,,,,,,,,,,,,,,,,,,,,,,,,,,,,,,,,,,,,,,,
Neoraja iberica,,,,,,,,,,,,,,,,,,,,,,,,,,,,,,,,,,,,,,,
Neoraja stehmanni,,,,,,,,,,,,,,,,,,,,,,,,,,,,,,,,,,,,,,,
Okamejei acutispina,,,,,,,,,,,,,,,,,,,,,,,,,,,,,,,,,,,,,,,
Okamejei arafurensis,,,,,,,,,,,,,,,,,,,,,,,,,,,,,,,,,,,,,,,
Okamejei boesemani,,,,,,,,,,,,,,,,,,,,,,,,,,,,,,,,,,,,,,,
Okamejei cairae,,,,,,,,,,,,,,,,,,,,,,,,,,,,,,,,,,,,,,,
Okamejei heemstrai,,,,,,,,,,,,,,,,,,,,,,,,,,,,,,,,,,,,,,,
Okamejei hollandi,,,,,,,,,,,,,,,,,,,,,,,,,,,,,,,,,,,,,,,
Okamejei kenojei,,,,,,,,,,,,,,,,,,,,,,,,,,,,,,,,,,,,,,,
Okamejei leptoura,,,,,,,,,,,,,,,,,,,,,,,,,,,,,,,,,,,,,,,
Okamejei meerdervoortii,,,,,,,,,,,,,,,,,,,,,,,,,,,,,,,,,,,,,,,
Okamejei mengae,,,,,,,,,,,,,,,,,,,,,,,,,,,,,,,,,,,,,,,
Okamejei ornata,,,,,,,,,,,,,,,,,,,,,,,,,,,,,,,,,,,,,,,
Okamejei schmidti,,,,,,,,,,,,,,,,,,,,,,,,,,,,,,,,,,,,,,,
Raja pita,,,,,,,,,,,,,,,,,,,,,,,,,,,,,,,,,,,,,,,
Orbiraja jensenae,,,,,,,,,,,,,,,,,,,,,,,,,,,,,,,,,,,,,,,
Orbiraja philipi,,,,,,,,,,,,,,,,,,,,,,,,,,,,,,,,,,,,,,,
Orbiraja powelli,,,,,,,,,,,,,,,,,,,,,,,,,,,,,,,,,,,,,,,
Raja asterias,,,,,,,,,,,,,,,,,,,,,,,,,,,,,,,,,,,,,,,
Raja brachyura,,,,,,,,,,,,,,,,,,,,,,,,,,,,,,,,,,,,,,,
Raja clavata,,,,,,,,,,,,,,,,,,,,,,,,,,,,,,,,,,,,,,,
Raja herwigi,,,,,,,,,,,,,,,,,,,,,,,,,,,,,,,,,,,,,,,
Raja maderensis,,,,,,,,,,,,,,,,,,,,,,,,,,,,,,,,,,,,,,,
Raja microocellata,,,,,,,,,,,,,,,,,,,,,,,,,,,,,,,,,,,,,,,
Raja miraletus,,,,,,,,,,,,,,,,,,,,,,,,,,,,,,,,,,,,,,,
Raja montagui,,,,,,,,,,,,,,,,,,,,,,,,,,,,,,,,,,,,,,,
Raja ocellifera,,,,,,,,,,,,,,,,,,,,,,,,,,,,,,,,,,,,,,,
Raja parva,,,,,,,,,,,,,,,,,,,,,,,,,,,,,,,,,,,,,,,
Raja polystigma,,,,,,,,,,,,,,,,,,,,,,,,,,,,,,,,,,,,,,,
Raja radula,,,,,,,,,,,,,,,,,,,,,,,,,,,,,,,,,,,,,,,
Raja straeleni,,,,,,,,,,,,,,,,,,,,,,,,,,,,,,,,,,,,,,,
Raja undulata,,,,,,,,,,,,,,,,,,,,,,,,,,,,,,,,,,,,,,,
Rajella annandalei,,,,,,,,,,,,,,,,,,,,,,,,,,,,,,,,,,,,,,,
Rajella barnardi,,,,,,,,,,,,,,,,,,,,,,,,,,,,,,,,,,,,,,,
Rajella bathyphila,,,,,,,,,,,,,,,,,,,,,,,,,,,,,,,,,,,,,,,
Rajella bigelowi,,,,,,,,,,,,,,,,,,,,,,,,,,,,,,,,,,,,,,,
Rajella caudaspinosa,,,,,,,,,,,,,,,,,,,,,,,,,,,,,,,,,,,,,,,
Rajella challengeri,,,,,,,,,,,,,,,,,,,,,,,,,,,,,,,,,,,,,,,
Rajella dissimilis,,,,,,,,,,,,,,,,,,,,,,,,,,,,,,,,,,,,,,,
Rajella eisenhardti,,,,,,,,,,,,,,,,,,,,,,,,,,,,,,,,,,,,,,,
Rajella fuliginea,,,,,,,,,,,,,,,,,,,,,,,,,,,,,,,,,,,,,,,
Rajella fyllae,,,,,,,,,,,,,,,,,,,,,,,,,,,,,,,,,,,,,,,
Rajella kukujevi,,,,,,,,,,,,,,,,,,,,,,,,,,,,,,,,,,,,,,,
Rajella leoparda,,,,,,,,,,,,,,,,,,,,,,,,,,,,,,,,,,,,,,,
Rajella lintea,,,,,,,,,,,,,,,,,,,,,,,,,,,,,,,,,,,,,,,
Rajella nigerrima,,,,,,,,,,,,,,,,,,,,,,,,,,,,,,,,,,,,,,,
Rajella paucispinosa,,,,,,,,,,,,,,,,,,,,,,,,,,,,,,,,,,,,,,,
Rajella purpuriventralis,,,,,,,,,,,,,,,,,,,,,,,,,,,,,,,,,,,,,,,
Rajella ravidula,,,,,,,,,,,,,,,,,,,,,,,,,,,,,,,,,,,,,,,
Rajella sadowskii,,,,,,,,,,,,,,,,,,,,,,,,,,,,,,,,,,,,,,,
Rostroraja ackleyi,,,,,,,,,,,,,,,,,,,,,,,,,,,,,,,,,,,,,,,
Rostroraja alba,,,,,,,,,,,,,,,,,,,,,,,,,,,,,,,,,,,,,,,
Rostroraja bahamensis,,,,,,,,,,,,,,,,,,,,,,,,,,,,,,,,,,,,,,,
Rostroraja cervigoni,,,,,,,,,,,,,,,,,,,,,,,,,,,,,,,,,,,,,,,
Rostroraja eglanteria,,,,,,,,,,,,,,,,,,,,,,,,,,,,,,,,,,,,,,,
Rostroraja equatorialis,,,,,,,,,,,,,,,,,,,,,,,,,,,,,,,,,,,,,,,
Rostroraja texana,,,,,,,,,,,,,,,,,,,,,,,,,,,,,,,,,,,,,,,
Rostroraja velezi,,,,,,,,,,,,,,,,,,,,,,,,,,,,,,,,,,,,,,,
Spiniraja whitleyi,,,,,,,,,,,,,,,,,,,,,,,,,,,,,,,,,,,,,,,
Glaucostegus cemiculus,,,,,,,,,,,,,,,,,,,,,,,,,,,,,,,,,,,,,,,
Glaucostegus granulatus,,,,,,,,,,,,,,,,,,,,,,,,,,,,,,,,,,,,,,,
Glaucostegus halavi,,,,,,,,,,,,,,,,,,,,,,,,,,,,,,,,,,,,,,,
Glaucostegus obtusus,,,,,,,,,,,,,,,,,,,,,,,,,,,,,,,,,,,,,,,
Glaucostegus thouin,,,,,,,,,,,,,,,,,,,,,,,,,,,,,,,,,,,,,,,
Glaucostegus typus,,,,,,,,,,,,,,,,,,,,,,,,,,,,,,,,,,,,,,,
Anoxypristis cuspidata,,,,,,,,,,,,,,,,,,,,,,,,,,,,,,,,,,,,,,,
Pristis clavata,,,,,,,,,,,,,,,,,,,,,,,,,,,,,,,,,,,,,,,
Pristis pectinata,,,,,,,,,,,,,,,,,,,,,,,,,,,,,,,,,,,,,,,
Pristis pristis,,,,,,,,,,,,,,,,,,,,,,,,,,,,,,,,,,,,,,,
Pristis zijsron,,,,,,,,,,,,,,,,,,,,,,,,,,,,,,,,,,,,,,,
Rhina ancylostoma,,,,,,,,,,,,,,,,,,,,,,,,,,,,,,,,,,,,,,,
Rhynchobatus australiae,,,,,,,,,,,,,,,,,,,,,,,,,,,,,,,,,,,,,,,
Rhynchobatus cooki,,,,,,,,,,,,,,,,,,,,,,,,,,,,,,,,,,,,,,,
Rhynchobatus djiddensis,,,,,,,,,,,,,,,,,,,,,,,,,,,,,,,,,,,,,,,
Rhynchobatus immaculatus,,,,,,,,,,,,,,,,,,,,,,,,,,,,,,,,,,,,,,,
Rhynchobatus laevis,,,,,,,,,,,,,,,,,,,,,,,,,,,,,,,,,,,,,,,
Rhynchobatus luebberti,,,,,,,,,,,,,,,,,,,,,,,,,,,,,,,,,,,,,,,
Rhynchobatus palpebratus,,,,,,,,,,,,,,,,,,,,,,,,,,,,,,,,,,,,,,,
Rhynchobatus springeri,,,,,,,,,,,,,,,,,,,,,,,,,,,,,,,,,,,,,,,
Rhynchorhina mauritaniensis,,,,,,,,,,,,,,,,,,,,,,,,,,,,,,,,,,,,,,,
Acroteriobatus annulatus,,,,,,,,,,,,,,,,,,,,,,,,,,,,,,,,,,,,,,,
Acroteriobatus blochii,,,,,,,,,,,,,,,,,,,,,,,,,,,,,,,,,,,,,,,
Acroteriobatus leucospilus,,,,,,,,,,,,,,,,,,,,,,,,,,,,,,,,,,,,,,,
Acroteriobatus ocellatus,,,,,,,,,,,,,,,,,,,,,,,,,,,,,,,,,,,,,,,
Acroteriobatus omanensis,,,,,,,,,,,,,,,,,,,,,,,,,,,,,,,,,,,,,,,
Acroteriobatus salalah,,,,,,,,,,,,,,,,,,,,,,,,,,,,,,,,,,,,,,,
Acroteriobatus variegatus,,,,,,,,,,,,,,,,,,,,,,,,,,,,,,,,,,,,,,,
Pseudobatos buthi,,,,,,,,,,,,,,,,,,,,,,,,,,,,,,,,,,,,,,,
Pseudobatos glaucostigmus,,,,,,,,,,,,,,,,,,,,,,,,,,,,,,,,,,,,,,,
Pseudobatos horkelii,,,,,,,,,,,,,,,,,,,,,,,,,,,,,,,,,,,,,,,
Pseudobatos lentiginosus,,,,,,,,,,,,,,,,,,,,,,,,,,,,,,,,,,,,,,,
Pseudobatos leucorhynchus,,,,,,,,,,,,,,,,,,,,,,,,,,,,,,,,,,,,,,,
Pseudobatos percellens,,,,,,,,,,,,,,,,,,,,,,,,,,,,,,,,,,,,,,,
Pseudobatos planiceps,,,,,,,,,,,,,,,,,,,,,,,,,,,,,,,,,,,,,,,
Pseudobatos prahli,,,,,,,,,,,,,,,,,,,,,,,,,,,,,,,,,,,,,,,
Pseudobatos productus,,,,,,,,,,,,,,,,,,,,,,,,,,,,,,,,,,,,,,,
Rhinobatos albomaculatus,,,,,,,,,,,,,,,,,,,,,,,,,,,,,,,,,,,,,,,
Rhinobatos annandalei,,,,,,,,,,,,,,,,,,,,,,,,,,,,,,,,,,,,,,,
Rhinobatos austini,,,,,,,,,,,,,,,,,,,,,,,,,,,,,,,,,,,,,,,
Rhinobatos borneensis,,,,,,,,,,,,,,,,,,,,,,,,,,,,,,,,,,,,,,,
Rhinobatos holcorhynchus,,,,,,,,,,,,,,,,,,,,,,,,,,,,,,,,,,,,,,,
Rhinobatos hynnicephalus,,,,,,,,,,,,,,,,,,,,,,,,,,,,,,,,,,,,,,,
Rhinobatos irvinei,,,,,,,,,,,,,,,,,,,,,,,,,,,,,,,,,,,,,,,
Rhinobatos jimbaranensis,,,,,,,,,,,,,,,,,,,,,,,,,,,,,,,,,,,,,,,
Rhinobatos lionotus,,,,,,,,,,,,,,,,,,,,,,,,,,,,,,,,,,,,,,,
Rhinobatos manai,,,,,,,,,,,,,,,,,,,,,,,,,,,,,,,,,,,,,,,
Rhinobatos nudidorsalis,,,,,,,,,,,,,,,,,,,,,,,,,,,,,,,,,,,,,,,
Rhinobatos penggali,,,,,,,,,,,,,,,,,,,,,,,,,,,,,,,,,,,,,,,
Rhinobatos punctifer,,,,,,,,,,,,,,,,,,,,,,,,,,,,,,,,,,,,,,,
Rhinobatos ranongensis,,,,,,,,,,,,,,,,,,,,,,,,,,,,,,,,,,,,,,,
Rhinobatos rhinobatos,,,,,,,,,,,,,,,,,,,,,,,,,,,,,,,,,,,,,,,
Rhinobatos sainsburyi,,,,,,,,,,,,,,,,,,,,,,,,,,,,,,,,,,,,,,,
Rhinobatos schlegelii,,,,,,,,,,,,,,,,,,,,,,,,,,,,,,,,,,,,,,,
Rhinobatos whitei,,,,,,,,,,,,,,,,,,,,,,,,,,,,,,,,,,,,,,,
Aptychotrema rostrata,,,,,,,,,,,,,,,,,,,,,,,,,,,,,,,,,,,,,,,
Aptychotrema timorensis,,,,,,,,,,,,,,,,,,,,,,,,,,,,,,,,,,,,,,,
Aptychotrema vincentiana,,,,,,,,,,,,,,,,,,,,,,,,,,,,,,,,,,,,,,,
Trygonorrhina dumerilii,,,,,,,,,,,,,,,,,,,,,,,,,,,,,,,,,,,,,,,
Trygonorrhina fasciata,,,,,,,,,,,,,,,,,,,,,,,,,,,,,,,,,,,,,,,
Zapteryx brevirostris,,,,,,,,,,,,,,,,,,,,,,,,,,,,,,,,,,,,,,,
Zapteryx exasperata,,,,,,,,,,,,,,,,,,,,,,,,,,,,,,,,,,,,,,,
Zapteryx xyster,,,,,,,,,,,,,,,,,,,,,,,,,,,,,,,,,,,,,,,
Hypnos monopterygius,,,,,,,,,,,,,,,,,,,,,,,,,,,,,,,,,,,,,,,
Benthobatis kreffti,,,,,,,,,,,,,,,,,,,,,,,,,,,,,,,,,,,,,,,
Benthobatis marcida,,,,,,,,,,,,,,,,,,,,,,,,,,,,,,,,,,,,,,,
Benthobatis moresbyi,,,,,,,,,,,,,,,,,,,,,,,,,,,,,,,,,,,,,,,
Benthobatis yangi,,,,,,,,,,,,,,,,,,,,,,,,,,,,,,,,,,,,,,,
Diplobatis colombiensis,,,,,,,,,,,,,,,,,,,,,,,,,,,,,,,,,,,,,,,
Diplobatis guamachensis,,,,,,,,,,,,,,,,,,,,,,,,,,,,,,,,,,,,,,,
Diplobatis ommata,,,,,,,,,,,,,,,,,,,,,,,,,,,,,,,,,,,,,,,
Diplobatis picta,,,,,,,,,,,,,,,,,,,,,,,,,,,,,,,,,,,,,,,
Discopyge castelloi,,,,,,,,,,,,,,,,,,,,,,,,,,,,,,,,,,,,,,,
Discopyge tschudii,,,,,,,,,,,,,,,,,,,,,,,,,,,,,,,,,,,,,,,
Narcine atzi,,,,,,,,,,,,,,,,,,,,,,,,,,,,,,,,,,,,,,,
Narcine baliensis,,,,,,,,,,,,,,,,,,,,,,,,,,,,,,,,,,,,,,,
Narcine bancroftii,,,,,,,,,,,,,,,,,,,,,,,,,,,,,,,,,,,,,,,
Narcine brasiliensis,,,,,,,,,,,,,,,,,,,,,,,,,,,,,,,,,,,,,,,
Narcine brevilabiata,,,,,,,,,,,,,,,,,,,,,,,,,,,,,,,,,,,,,,,
Narcine entemedor,,,,,,,,,,,,,,,,,,,,,,,,,,,,,,,,,,,,,,,
Narcine insolita,,,,,,,,,,,,,,,,,,,,,,,,,,,,,,,,,,,,,,,
Narcine leoparda,,,,,,,,,,,,,,,,,,,,,,,,,,,,,,,,,,,,,,,
Narcine lingula,,,,,,,,,,,,,,,,,,,,,,,,,,,,,,,,,,,,,,,
Narcine maculata,,,,,,,,,,,,,,,,,,,,,,,,,,,,,,,,,,,,,,,
Narcine oculifera,,,,,,,,,,,,,,,,,,,,,,,,,,,,,,,,,,,,,,,
Narcine prodorsalis,,,,,,,,,,,,,,,,,,,,,,,,,,,,,,,,,,,,,,,
Narcine rierai,,,,,,,,,,,,,,,,,,,,,,,,,,,,,,,,,,,,,,,
Narcine timlei,,,,,,,,,,,,,,,,,,,,,,,,,,,,,,,,,,,,,,,
Narcine vermiculata,,,,,,,,,,,,,,,,,,,,,,,,,,,,,,,,,,,,,,,
Narcinops lasti,,,,,,,,,,,,,,,,,,,,,,,,,,,,,,,,,,,,,,,
Narcinops nelsoni,,,,,,,,,,,,,,,,,,,,,,,,,,,,,,,,,,,,,,,
Narcinops ornata,,,,,,,,,,,,,,,,,,,,,,,,,,,,,,,,,,,,,,,
Narcinops tasmaniensis,,,,,,,,,,,,,,,,,,,,,,,,,,,,,,,,,,,,,,,
Narcinops westraliensis,,,,,,,,,,,,,,,,,,,,,,,,,,,,,,,,,,,,,,,
Electrolux addisoni,,,,,,,,,,,,,,,,,,,,,,,,,,,,,,,,,,,,,,,
Heteronarce bentuviai,,,,,,,,,,,,,,,,,,,,,,,,,,,,,,,,,,,,,,,
Heteronarce garmani,,,,,,,,,,,,,,,,,,,,,,,,,,,,,,,,,,,,,,,
Heteronarce mollis,,,,,,,,,,,,,,,,,,,,,,,,,,,,,,,,,,,,,,,
Narke capensis,,,,,,,,,,,,,,,,,,,,,,,,,,,,,,,,,,,,,,,
Narke dipterygia,,,,,,,,,,,,,,,,,,,,,,,,,,,,,,,,,,,,,,,
Narke japonica,,,,,,,,,,,,,,,,,,,,,,,,,,,,,,,,,,,,,,,
Temera hardwickii,,,,,,,,,,,,,,,,,,,,,,,,,,,,,,,,,,,,,,,
Typhlonarke aysoni,,,,,,,,,,,,,,,,,,,,,,,,,,,,,,,,,,,,,,,
Platyrhina hyugaensis,,,,,,,,,,,,,,,,,,,,,,,,,,,,,,,,,,,,,,,
Platyrhina psomadakisi,,,,,,,,,,,,,,,,,,,,,,,,,,,,,,,,,,,,,,,
Platyrhina sinensis,,,,,,,,,,,,,,,,,,,,,,,,,,,,,,,,,,,,,,,
Platyrhina tangi,,,,,,,,,,,,,,,,,,,,,,,,,,,,,,,,,,,,,,,
Platyrhinoidis triseriata,,,,,,,,,,,,,,,,,,,,,,,,,,,,,,,,,,,,,,,
Tetronarce californica,,,,,,,,,,,,,,,,,,,,,,,,,,,,,,,,,,,,,,,
Tetronarce cowleyi,,,,,,,,,,,,,,,,,,,,,,,,,,,,,,,,,,,,,,,
Tetronarce formosa,,,,,,,,,,,,,,,,,,,,,,,,,,,,,,,,,,,,,,,
Tetronarce nobiliana,,,,,,,,,,,,,,,,,,,,,,,,,,,,,,,,,,,,,,,
Tetronarce occidentalis,,,,,,,,,,,,,,,,,,,,,,,,,,,,,,,,,,,,,,,
Tetronarce puelcha,,,,,,,,,,,,,,,,,,,,,,,,,,,,,,,,,,,,,,,
Tetronarce tokionis,,,,,,,,,,,,,,,,,,,,,,,,,,,,,,,,,,,,,,,
Tetronarce tremens,,,,,,,,,,,,,,,,,,,,,,,,,,,,,,,,,,,,,,,
Torpedo adenensis,,,,,,,,,,,,,,,,,,,,,,,,,,,,,,,,,,,,,,,
Torpedo andersoni,,,,,,,,,,,,,,,,,,,,,,,,,,,,,,,,,,,,,,,
Torpedo bauchotae,,,,,,,,,,,,,,,,,,,,,,,,,,,,,,,,,,,,,,,
Torpedo fuscomaculata,,,,,,,,,,,,,,,,,,,,,,,,,,,,,,,,,,,,,,,
Torpedo mackayana,,,,,,,,,,,,,,,,,,,,,,,,,,,,,,,,,,,,,,,
Torpedo marmorata,,,,,,,,,,,,,,,,,,,,,,,,,,,,,,,,,,,,,,,
Torpedo panthera,,,,,,,,,,,,,,,,,,,,,,,,,,,,,,,,,,,,,,,
Torpedo sinuspersici,,,,,,,,,,,,,,,,,,,,,,,,,,,,,,,,,,,,,,,
Torpedo suessii,,,,,,,,,,,,,,,,,,,,,,,,,,,,,,,,,,,,,,,
Torpedo torpedo,,,,,,,,,,,,,,,,,,,,,,,,,,,,,,,,,,,,,,,
Carcharhinus acronotus,,,,,,,,,,,,,,,,,,,,,,,,,,,,,,,,,,,,,,,
Carcharhinus albimarginatus,,,,,,,,,,,,,,,,,,,,,,,,,,,,,,,,,,,,,,,
Carcharhinus altimus,,,,,,,,,,,,,,,,,,,,,,,,,,,,,,,,,,,,,,,
Carcharhinus amblyrhynchoides,,,,,,,,,,,,,,,,,,,,,,,,,,,,,,,,,,,,,,,
Carcharhinus amblyrhynchos,,,,,,,,,,,,,,,,,,,,,,,,,,,,,,,,,,,,,,,
Carcharhinus amboinensis,,,,,,,,,,,,,,,,,,,,,,,,,,,,,,,,,,,,,,,
Carcharhinus borneensis,,,,,,,,,,,,,,,,,,,,,,,,,,,,,,,,,,,,,,,
Carcharhinus brachyurus,,,,,,,,,,,,,,,,,,,,,,,,,,,,,,,,,,,,,,,
Carcharhinus brevipinna,,,,,,,,,,,,,,,,,,,,,,,,,,,,,,,,,,,,,,,
Carcharhinus cautus,,,,,,,,,,,,,,,,,,,,,,,,,,,,,,,,,,,,,,,
Carcharhinus cerdale,,,,,,,,,,,,,,,,,,,,,,,,,,,,,,,,,,,,,,,
Carcharhinus coatesi,,,,,,,,,,,,,,,,,,,,,,,,,,,,,,,,,,,,,,,
Carcharhinus dussumieri,,,,,,,,,,,,,,,,,,,,,,,,,,,,,,,,,,,,,,,
Carcharhinus falciformis,,,,,,,,,,,,,,,,,,,,,,,,,,,,,,,,,,,,,,,
Carcharhinus fitzroyensis,,,,,,,,,,,,,,,,,,,,,,,,,,,,,,,,,,,,,,,
Carcharhinus galapagensis,,,,,,,,,,,,,,,,,,,,,,,,,,,,,,,,,,,,,,,
Carcharhinus hemiodon,,,,,,,,,,,,,,,,,,,,,,,,,,,,,,,,,,,,,,,
Carcharhinus humani,,,,,,,,,,,,,,,,,,,,,,,,,,,,,,,,,,,,,,,
Carcharhinus isodon,,,,,,,,,,,,,,,,,,,,,,,,,,,,,,,,,,,,,,,
Carcharhinus leiodon,,,,,,,,,,,,,,,,,,,,,,,,,,,,,,,,,,,,,,,
Carcharhinus leucas,,,,,,,,,,,,,,,,,,,,,,,,,,,,,,,,,,,,,,,
Carcharhinus limbatus,,,,,,,,,,,,,,,,,,,,,,,,,,,,,,,,,,,,,,,
Carcharhinus longimanus,,,,,,,,,,,,,,,,,,,,,,,,,,,,,,,,,,,,,,,
Carcharhinus macloti,,,,,,,,,,,,,,,,,,,,,,,,,,,,,,,,,,,,,,,
Carcharhinus melanopterus,,,,,,,,,,,,,,,,,,,,,,,,,,,,,,,,,,,,,,,
Carcharhinus obscurus,,,,,,,,,,,,,,,,,,,,,,,,,,,,,,,,,,,,,,,
Carcharhinus obsoletus,,,,,,,,,,,,,,,,,,,,,,,,,,,,,,,,,,,,,,,
Carcharhinus perezi,,,,,,,,,,,,,,,,,,,,,,,,,,,,,,,,,,,,,,,
Carcharhinus plumbeus,,,,,,,,,,,,,,,,,,,,,,,,,,,,,,,,,,,,,,,
Carcharhinus porosus,,,,,,,,,,,,,,,,,,,,,,,,,,,,,,,,,,,,,,,
Carcharhinus sealei,,,,,,,,,,,,,,,,,,,,,,,,,,,,,,,,,,,,,,,
Carcharhinus signatus,,,,,,,,,,,,,,,,,,,,,,,,,,,,,,,,,,,,,,,
Carcharhinus sorrah,,,,,,,,,,,,,,,,,,,,,,,,,,,,,,,,,,,,,,,
Carcharhinus tilstoni,,,,,,,,,,,,,,,,,,,,,,,,,,,,,,,,,,,,,,,
Carcharhinus tjutjot,,,,,,,,,,,,,,,,,,,,,,,,,,,,,,,,,,,,,,,
Galeocerdo cuvier,,,,,,,,,,,,,,,,,,,,,,,,,,,,,,,,,,,,,,,
Glyphis gangeticus,,,,,,,,,,,,,,,,,,,,,,,,,,,,,,,,,,,,,,,
Glyphis garricki,,,,,,,,,,,,,,,,,,,,,,,,,,,,,,,,,,,,,,,
Glyphis glyphis,,,,,,,,,,,,,,,,,,,,,,,,,,,,,,,,,,,,,,,
Isogomphodon oxyrhynchus,,,,,,,,,,,,,,,,,,,,,,,,,,,,,,,,,,,,,,,
Lamiopsis temminckii,,,,,,,,,,,,,,,,,,,,,,,,,,,,,,,,,,,,,,,
Lamiopsis tephrodes,,,,,,,,,,,,,,,,,,,,,,,,,,,,,,,,,,,,,,,
Loxodon macrorhinus,,,,,,,,,,,,,,,,,,,,,,,,,,,,,,,,,,,,,,,
Nasolamia velox,,,,,,,,,,,,,,,,,,,,,,,,,,,,,,,,,,,,,,,
Negaprion acutidens,,,,,,,,,,,,,,,,,,,,,,,,,,,,,,,,,,,,,,,
Negaprion brevirostris,,,,,,,,,,,,,,,,,,,,,,,,,,,,,,,,,,,,,,,
Prionace glauca,,,,,,,,,,,,,,,,,,,,,,,,,,,,,,,,,,,,,,,
Rhizoprionodon acutus,,,,,,,,,,,,,,,,,,,,,,,,,,,,,,,,,,,,,,,
Rhizoprionodon lalandii,,,,,,,,,,,,,,,,,,,,,,,,,,,,,,,,,,,,,,,
Rhizoprionodon longurio,,,,,,,,,,,,,,,,,,,,,,,,,,,,,,,,,,,,,,,
Rhizoprionodon oligolinx,,,,,,,,,,,,,,,,,,,,,,,,,,,,,,,,,,,,,,,
Rhizoprionodon porosus,,,,,,,,,,,,,,,,,,,,,,,,,,,,,,,,,,,,,,,
Rhizoprionodon taylori,,,,,,,,,,,,,,,,,,,,,,,,,,,,,,,,,,,,,,,
Rhizoprionodon terraenovae,,,,,,,,,,,,,,,,,,,,,,,,,,,,,,,,,,,,,,,
Scoliodon laticaudus,,,,,,,,,,,,,,,,,,,,,,,,,,,,,,,,,,,,,,,
Scoliodon macrorhynchos,,,,,,,,,,,,,,,,,,,,,,,,,,,,,,,,,,,,,,,
Triaenodon obesus,,,,,,,,,,,,,,,,,,,,,,,,,,,,,,,,,,,,,,,
Chaenogaleus macrostoma,,,,,,,,,,,,,,,,,,,,,,,,,,,,,,,,,,,,,,,
Hemigaleus australiensis,,,,,,,,,,,,,,,,,,,,,,,,,,,,,,,,,,,,,,,
Hemigaleus microstoma,,,,,,,,,,,,,,,,,,,,,,,,,,,,,,,,,,,,,,,
Hemipristis elongata,,,,,,,,,,,,,,,,,,,,,,,,,,,,,,,,,,,,,,,
Paragaleus longicaudatus,,,,,,,,,,,,,,,,,,,,,,,,,,,,,,,,,,,,,,,
Paragaleus leucolomatus,,,,,,,,,,,,,,,,,,,,,,,,,,,,,,,,,,,,,,,
Paragaleus pectoralis,,,,,,,,,,,,,,,,,,,,,,,,,,,,,,,,,,,,,,,
Paragaleus randalli,,,,,,,,,,,,,,,,,,,,,,,,,,,,,,,,,,,,,,,
Paragaleus tengi,,,,,,,,,,,,,,,,,,,,,,,,,,,,,,,,,,,,,,,
Leptocharias smithii,,,,,,,,,,,,,,,,,,,,,,,,,,,,,,,,,,,,,,,
Apristurus albisoma,,,,,,,,,,,,,,,,,,,,,,,,,,,,,,,,,,,,,,,
Apristurus ampliceps,,,,,,,,,,,,,,,,,,,,,,,,,,,,,,,,,,,,,,,
Apristurus aphyodes,,,,,,,,,,,,,,,,,,,,,,,,,,,,,,,,,,,,,,,
Apristurus australis,,,,,,,,,,,,,,,,,,,,,,,,,,,,,,,,,,,,,,,
Apristurus breviventralis,,,,,,,,,,,,,,,,,,,,,,,,,,,,,,,,,,,,,,,
Apristurus brunneus,,,,,,,,,,,,,,,,,,,,,,,,,,,,,,,,,,,,,,,
Apristurus bucephalus,,,,,,,,,,,,,,,,,,,,,,,,,,,,,,,,,,,,,,,
Apristurus canutus,,,,,,,,,,,,,,,,,,,,,,,,,,,,,,,,,,,,,,,
Apristurus exsanguis,,,,,,,,,,,,,,,,,,,,,,,,,,,,,,,,,,,,,,,
Apristurus fedorovi,,,,,,,,,,,,,,,,,,,,,,,,,,,,,,,,,,,,,,,
Apristurus garricki,,,,,,,,,,,,,,,,,,,,,,,,,,,,,,,,,,,,,,,
Apristurus gibbosus,,,,,,,,,,,,,,,,,,,,,,,,,,,,,,,,,,,,,,,
Apristurus herklotsi,,,,,,,,,,,,,,,,,,,,,,,,,,,,,,,,,,,,,,,
Apristurus indicus,,,,,,,,,,,,,,,,,,,,,,,,,,,,,,,,,,,,,,,
Apristurus internatus,,,,,,,,,,,,,,,,,,,,,,,,,,,,,,,,,,,,,,,
Apristurus investigatoris,,,,,,,,,,,,,,,,,,,,,,,,,,,,,,,,,,,,,,,
Apristurus japonicus,,,,,,,,,,,,,,,,,,,,,,,,,,,,,,,,,,,,,,,
Apristurus kampae,,,,,,,,,,,,,,,,,,,,,,,,,,,,,,,,,,,,,,,
Apristurus laurussonii,,,,,,,,,,,,,,,,,,,,,,,,,,,,,,,,,,,,,,,
Apristurus longicephalus,,,,,,,,,,,,,,,,,,,,,,,,,,,,,,,,,,,,,,,
Apristurus macrorhynchus,,,,,,,,,,,,,,,,,,,,,,,,,,,,,,,,,,,,,,,
Apristurus macrostomus,,,,,,,,,,,,,,,,,,,,,,,,,,,,,,,,,,,,,,,
Apristurus manis,,,,,,,,,,,,,,,,,,,,,,,,,,,,,,,,,,,,,,,
Apristurus melanoasper,,,,,,,,,,,,,,,,,,,,,,,,,,,,,,,,,,,,,,,
Apristurus microps,,,,,,,,,,,,,,,,,,,,,,,,,,,,,,,,,,,,,,,
Apristurus micropterygeus,,,,,,,,,,,,,,,,,,,,,,,,,,,,,,,,,,,,,,,
Apristurus nakayai,,,,,,,,,,,,,,,,,,,,,,,,,,,,,,,,,,,,,,,
Apristurus nasutus,,,,,,,,,,,,,,,,,,,,,,,,,,,,,,,,,,,,,,,
Apristurus parvipinnis,,,,,,,,,,,,,,,,,,,,,,,,,,,,,,,,,,,,,,,
Apristurus pinguis,,,,,,,,,,,,,,,,,,,,,,,,,,,,,,,,,,,,,,,
Apristurus platyrhynchus,,,,,,,,,,,,,,,,,,,,,,,,,,,,,,,,,,,,,,,
Apristurus profundorum,,,,,,,,,,,,,,,,,,,,,,,,,,,,,,,,,,,,,,,
Apristurus riveri,,,,,,,,,,,,,,,,,,,,,,,,,,,,,,,,,,,,,,,
Apristurus saldanha,,,,,,,,,,,,,,,,,,,,,,,,,,,,,,,,,,,,,,,
Apristurus sibogae,,,,,,,,,,,,,,,,,,,,,,,,,,,,,,,,,,,,,,,
Apristurus sinensis,,,,,,,,,,,,,,,,,,,,,,,,,,,,,,,,,,,,,,,
Apristurus spongiceps,,,,,,,,,,,,,,,,,,,,,,,,,,,,,,,,,,,,,,,
Apristurus stenseni,,,,,,,,,,,,,,,,,,,,,,,,,,,,,,,,,,,,,,,
Apristurus yangi,,,,,,,,,,,,,,,,,,,,,,,,,,,,,,,,,,,,,,,
Asymbolus analis,,,,,,,,,,,,,,,,,,,,,,,,,,,,,,,,,,,,,,,
Asymbolus funebris,,,,,,,,,,,,,,,,,,,,,,,,,,,,,,,,,,,,,,,
Asymbolus galacticus,,,,,,,,,,,,,,,,,,,,,,,,,,,,,,,,,,,,,,,
Asymbolus occiduus,,,,,,,,,,,,,,,,,,,,,,,,,,,,,,,,,,,,,,,
Asymbolus pallidus,,,,,,,,,,,,,,,,,,,,,,,,,,,,,,,,,,,,,,,
Asymbolus parvus,,,,,,,,,,,,,,,,,,,,,,,,,,,,,,,,,,,,,,,
Asymbolus rubiginosus,,,,,,,,,,,,,,,,,,,,,,,,,,,,,,,,,,,,,,,
Asymbolus submaculatus,,,,,,,,,,,,,,,,,,,,,,,,,,,,,,,,,,,,,,,
Asymbolus vincenti,,,,,,,,,,,,,,,,,,,,,,,,,,,,,,,,,,,,,,,
Bythaelurus alcockii,,,,,,,,,,,,,,,,,,,,,,,,,,,,,,,,,,,,,,,
Bythaelurus bachi,,,,,,,,,,,,,,,,,,,,,,,,,,,,,,,,,,,,,,,
Bythaelurus canescens,,,,,,,,,,,,,,,,,,,,,,,,,,,,,,,,,,,,,,,
Bythaelurus clevai,,,,,,,,,,,,,,,,,,,,,,,,,,,,,,,,,,,,,,,
Bythaelurus dawsoni,,,,,,,,,,,,,,,,,,,,,,,,,,,,,,,,,,,,,,,
Bythaelurus giddingsi,,,,,,,,,,,,,,,,,,,,,,,,,,,,,,,,,,,,,,,
Bythaelurus hispidus,,,,,,,,,,,,,,,,,,,,,,,,,,,,,,,,,,,,,,,
Bythaelurus immaculatus,,,,,,,,,,,,,,,,,,,,,,,,,,,,,,,,,,,,,,,
Bythaelurus incanus,,,,,,,,,,,,,,,,,,,,,,,,,,,,,,,,,,,,,,,
Bythaelurus lutarius,,,,,,,,,,,,,,,,,,,,,,,,,,,,,,,,,,,,,,,
Bythaelurus naylori,,,,,,,,,,,,,,,,,,,,,,,,,,,,,,,,,,,,,,,
Bythaelurus stewarti,,,,,,,,,,,,,,,,,,,,,,,,,,,,,,,,,,,,,,,
Bythaelurus tenuicephalus,,,,,,,,,,,,,,,,,,,,,,,,,,,,,,,,,,,,,,,
Bythaelurus vivaldii,,,,,,,,,,,,,,,,,,,,,,,,,,,,,,,,,,,,,,,
Cephalurus cephalus,,,,,,,,,,,,,,,,,,,,,,,,,,,,,,,,,,,,,,,
Figaro boardmani,,,,,,,,,,,,,,,,,,,,,,,,,,,,,,,,,,,,,,,
Figaro striatus,,,,,,,,,,,,,,,,,,,,,,,,,,,,,,,,,,,,,,,
Galeus antillensis,,,,,,,,,,,,,,,,,,,,,,,,,,,,,,,,,,,,,,,
Galeus arae,,,,,,,,,,,,,,,,,,,,,,,,,,,,,,,,,,,,,,,
Galeus atlanticus,,,,,,,,,,,,,,,,,,,,,,,,,,,,,,,,,,,,,,,
Galeus cadenati,,,,,,,,,,,,,,,,,,,,,,,,,,,,,,,,,,,,,,,
Galeus corriganae,,,,,,,,,,,,,,,,,,,,,,,,,,,,,,,,,,,,,,,
Galeus eastmani,,,,,,,,,,,,,,,,,,,,,,,,,,,,,,,,,,,,,,,
Galeus gracilis,,,,,,,,,,,,,,,,,,,,,,,,,,,,,,,,,,,,,,,
Galeus longirostris,,,,,,,,,,,,,,,,,,,,,,,,,,,,,,,,,,,,,,,
Galeus melastomus,,,,,,,,,,,,,,,,,,,,,,,,,,,,,,,,,,,,,,,
Galeus mincaronei,,,,,,,,,,,,,,,,,,,,,,,,,,,,,,,,,,,,,,,
Galeus murinus,,,,,,,,,,,,,,,,,,,,,,,,,,,,,,,,,,,,,,,
Galeus nipponensis,,,,,,,,,,,,,,,,,,,,,,,,,,,,,,,,,,,,,,,
Galeus piperatus,,,,,,,,,,,,,,,,,,,,,,,,,,,,,,,,,,,,,,,
Galeus polli,,,,,,,,,,,,,,,,,,,,,,,,,,,,,,,,,,,,,,,
Galeus priapus,,,,,,,,,,,,,,,,,,,,,,,,,,,,,,,,,,,,,,,
Galeus sauteri,,,,,,,,,,,,,,,,,,,,,,,,,,,,,,,,,,,,,,,
Galeus schultzi,,,,,,,,,,,,,,,,,,,,,,,,,,,,,,,,,,,,,,,
Galeus springeri,,,,,,,,,,,,,,,,,,,,,,,,,,,,,,,,,,,,,,,
Halaelurus boesemani,,,,,,,,,,,,,,,,,,,,,,,,,,,,,,,,,,,,,,,
Halaelurus buergeri,,,,,,,,,,,,,,,,,,,,,,,,,,,,,,,,,,,,,,,
Halaelurus lineatus,,,,,,,,,,,,,,,,,,,,,,,,,,,,,,,,,,,,,,,
Halaelurus maculosus,,,,,,,,,,,,,,,,,,,,,,,,,,,,,,,,,,,,,,,
Halaelurus natalensis,,,,,,,,,,,,,,,,,,,,,,,,,,,,,,,,,,,,,,,
Halaelurus quagga,,,,,,,,,,,,,,,,,,,,,,,,,,,,,,,,,,,,,,,
Halaelurus sellus,,,,,,,,,,,,,,,,,,,,,,,,,,,,,,,,,,,,,,,
Haploblepharus edwardsii,,,,,,,,,,,,,,,,,,,,,,,,,,,,,,,,,,,,,,,
Haploblepharus fuscus,,,,,,,,,,,,,,,,,,,,,,,,,,,,,,,,,,,,,,,
Haploblepharus kistnasamyi,,,,,,,,,,,,,,,,,,,,,,,,,,,,,,,,,,,,,,,
Haploblepharus pictus,,,,,,,,,,,,,,,,,,,,,,,,,,,,,,,,,,,,,,,
Holohalaelurus favus,,,,,,,,,,,,,,,,,,,,,,,,,,,,,,,,,,,,,,,
Holohalaelurus grennian,,,,,,,,,,,,,,,,,,,,,,,,,,,,,,,,,,,,,,,
Holohalaelurus melanostigma,,,,,,,,,,,,,,,,,,,,,,,,,,,,,,,,,,,,,,,
Holohalaelurus punctatus,,,,,,,,,,,,,,,,,,,,,,,,,,,,,,,,,,,,,,,
Holohalaelurus regani,,,,,,,,,,,,,,,,,,,,,,,,,,,,,,,,,,,,,,,
Parmaturus albimarginatus,,,,,,,,,,,,,,,,,,,,,,,,,,,,,,,,,,,,,,,
Parmaturus albipenis,,,,,,,,,,,,,,,,,,,,,,,,,,,,,,,,,,,,,,,
Parmaturus angelae,,,,,,,,,,,,,,,,,,,,,,,,,,,,,,,,,,,,,,,
Parmaturus bigus,,,,,,,,,,,,,,,,,,,,,,,,,,,,,,,,,,,,,,,
Parmaturus campechiensis,,,,,,,,,,,,,,,,,,,,,,,,,,,,,,,,,,,,,,,
Parmaturus lanatus,,,,,,,,,,,,,,,,,,,,,,,,,,,,,,,,,,,,,,,
Parmaturus macmillani,,,,,,,,,,,,,,,,,,,,,,,,,,,,,,,,,,,,,,,
Parmaturus melanobranchus,,,,,,,,,,,,,,,,,,,,,,,,,,,,,,,,,,,,,,,
Parmaturus nigripalatum,,,,,,,,,,,,,,,,,,,,,,,,,,,,,,,,,,,,,,,
Parmaturus pilosus,,,,,,,,,,,,,,,,,,,,,,,,,,,,,,,,,,,,,,,
Parmaturus xaniurus,,,,,,,,,,,,,,,,,,,,,,,,,,,,,,,,,,,,,,,
Pentanchus profundicolus,,,,,,,,,,,,,,,,,,,,,,,,,,,,,,,,,,,,,,,
Ctenacis fehlmanni,,,,,,,,,,,,,,,,,,,,,,,,,,,,,,,,,,,,,,,
Eridacnis barbouri,,,,,,,,,,,,,,,,,,,,,,,,,,,,,,,,,,,,,,,
Eridacnis radcliffei,,,,,,,,,,,,,,,,,,,,,,,,,,,,,,,,,,,,,,,
Eridacnis sinuans,,,,,,,,,,,,,,,,,,,,,,,,,,,,,,,,,,,,,,,
Proscyllium habereri,,,,,,,,,,,,,,,,,,,,,,,,,,,,,,,,,,,,,,,
Proscyllium magnificum,,,,,,,,,,,,,,,,,,,,,,,,,,,,,,,,,,,,,,,
Gollum attenuatus,,,,,,,,,,,,,,,,,,,,,,,,,,,,,,,,,,,,,,,
Gollum suluensis,,,,,,,,,,,,,,,,,,,,,,,,,,,,,,,,,,,,,,,
Planonasus indicus,,,,,,,,,,,,,,,,,,,,,,,,,,,,,,,,,,,,,,,
Planonasus parini,,,,,,,,,,,,,,,,,,,,,,,,,,,,,,,,,,,,,,,
Pseudotriakis microdon,,,,,,,,,,,,,,,,,,,,,,,,,,,,,,,,,,,,,,,
Akheilos suwartanai,,,,,,,,,,,,,,,,,,,,,,,,,,,,,,,,,,,,,,,
Atelomycterus baliensis,,,,,,,,,,,,,,,,,,,,,,,,,,,,,,,,,,,,,,,
Atelomycterus erdmanni,,,,,,,,,,,,,,,,,,,,,,,,,,,,,,,,,,,,,,,
Atelomycterus fasciatus,,,,,,,,,,,,,,,,,,,,,,,,,,,,,,,,,,,,,,,
Atelomycterus macleayi,,,,,,,,,,,,,,,,,,,,,,,,,,,,,,,,,,,,,,,
Atelomycterus marmoratus,,,,,,,,,,,,,,,,,,,,,,,,,,,,,,,,,,,,,,,
Atelomycterus marnkalha,,,,,,,,,,,,,,,,,,,,,,,,,,,,,,,,,,,,,,,
Aulohalaelurus kanakorum,,,,,,,,,,,,,,,,,,,,,,,,,,,,,,,,,,,,,,,
Aulohalaelurus labiosus,,,,,,,,,,,,,,,,,,,,,,,,,,,,,,,,,,,,,,,
Cephaloscyllium albipinnum,,,,,,,,,,,,,,,,,,,,,,,,,,,,,,,,,,,,,,,
Cephaloscyllium cooki,,,,,,,,,,,,,,,,,,,,,,,,,,,,,,,,,,,,,,,
Cephaloscyllium fasciatum,,,,,,,,,,,,,,,,,,,,,,,,,,,,,,,,,,,,,,,
Cephaloscyllium formosanum,,,,,,,,,,,,,,,,,,,,,,,,,,,,,,,,,,,,,,,
Cephaloscyllium hiscosellum,,,,,,,,,,,,,,,,,,,,,,,,,,,,,,,,,,,,,,,
Cephaloscyllium isabellum,,,,,,,,,,,,,,,,,,,,,,,,,,,,,,,,,,,,,,,
Cephaloscyllium laticeps,,,,,,,,,,,,,,,,,,,,,,,,,,,,,,,,,,,,,,,
Cephaloscyllium pictum,,,,,,,,,,,,,,,,,,,,,,,,,,,,,,,,,,,,,,,
Cephaloscyllium sarawakensis,,,,,,,,,,,,,,,,,,,,,,,,,,,,,,,,,,,,,,,
Cephaloscyllium signourum,,,,,,,,,,,,,,,,,,,,,,,,,,,,,,,,,,,,,,,
Cephaloscyllium silasi,,,,,,,,,,,,,,,,,,,,,,,,,,,,,,,,,,,,,,,
Cephaloscyllium speccum,,,,,,,,,,,,,,,,,,,,,,,,,,,,,,,,,,,,,,,
Cephaloscyllium stevensi,,,,,,,,,,,,,,,,,,,,,,,,,,,,,,,,,,,,,,,
Cephaloscyllium sufflans,,,,,,,,,,,,,,,,,,,,,,,,,,,,,,,,,,,,,,,
Cephaloscyllium umbratile,,,,,,,,,,,,,,,,,,,,,,,,,,,,,,,,,,,,,,,
Cephaloscyllium variegatum,,,,,,,,,,,,,,,,,,,,,,,,,,,,,,,,,,,,,,,
Cephaloscyllium ventriosum,,,,,,,,,,,,,,,,,,,,,,,,,,,,,,,,,,,,,,,
Cephaloscyllium zebrum,,,,,,,,,,,,,,,,,,,,,,,,,,,,,,,,,,,,,,,
Poroderma africanum,,,,,,,,,,,,,,,,,,,,,,,,,,,,,,,,,,,,,,,
Poroderma pantherinum,,,,,,,,,,,,,,,,,,,,,,,,,,,,,,,,,,,,,,,
Schroederichthys bivius,,,,,,,,,,,,,,,,,,,,,,,,,,,,,,,,,,,,,,,
Schroederichthys chilensis,,,,,,,,,,,,,,,,,,,,,,,,,,,,,,,,,,,,,,,
Schroederichthys maculatus,,,,,,,,,,,,,,,,,,,,,,,,,,,,,,,,,,,,,,,
Schroederichthys saurisqualus,,,,,,,,,,,,,,,,,,,,,,,,,,,,,,,,,,,,,,,
Schroederichthys tenuis,,,,,,,,,,,,,,,,,,,,,,,,,,,,,,,,,,,,,,,
Scyliorhinus boa,,,,,,,,,,,,,,,,,,,,,,,,,,,,,,,,,,,,,,,
Scyliorhinus cabofriensis,,,,,,,,,,,,,,,,,,,,,,,,,,,,,,,,,,,,,,,
Scyliorhinus canicula,,,,,,,,,,,,,,,,,,,,,,,,,,,,,,,,,,,,,,,
Scyliorhinus capensis,,,,,,,,,,,,,,,,,,,,,,,,,,,,,,,,,,,,,,,
Scyliorhinus cervigoni,,,,,,,,,,,,,,,,,,,,,,,,,,,,,,,,,,,,,,,
Scyliorhinus comoroensis,,,,,,,,,,,,,,,,,,,,,,,,,,,,,,,,,,,,,,,
Scyliorhinus garmani,,,,,,,,,,,,,,,,,,,,,,,,,,,,,,,,,,,,,,,
Scyliorhinus haeckelii,,,,,,,,,,,,,,,,,,,,,,,,,,,,,,,,,,,,,,,
Scyliorhinus hesperius,,,,,,,,,,,,,,,,,,,,,,,,,,,,,,,,,,,,,,,
Scyliorhinus meadi,,,,,,,,,,,,,,,,,,,,,,,,,,,,,,,,,,,,,,,
Scyliorhinus retifer,,,,,,,,,,,,,,,,,,,,,,,,,,,,,,,,,,,,,,,
Scyliorhinus stellaris,,,,,,,,,,,,,,,,,,,,,,,,,,,,,,,,,,,,,,,
Scyliorhinus torazame,,,,,,,,,,,,,,,,,,,,,,,,,,,,,,,,,,,,,,,
Scyliorhinus torrei,,,,,,,,,,,,,,,,,,,,,,,,,,,,,,,,,,,,,,,
Scyliorhinus ugoi,,,,,,,,,,,,,,,,,,,,,,,,,,,,,,,,,,,,,,,
Eusphyra blochii,,,,,,,,,,,,,,,,,,,,,,,,,,,,,,,,,,,,,,,
Sphyrna corona,,,,,,,,,,,,,,,,,,,,,,,,,,,,,,,,,,,,,,,
Sphyrna gilberti,,,,,,,,,,,,,,,,,,,,,,,,,,,,,,,,,,,,,,,
Sphyrna lewini,,,,,,,,,,,,,,,,,,,,,,,,,,,,,,,,,,,,,,,
Sphyrna media,,,,,,,,,,,,,,,,,,,,,,,,,,,,,,,,,,,,,,,
Sphyrna mokarran,,,,,,,,,,,,,,,,,,,,,,,,,,,,,,,,,,,,,,,
Sphyrna tiburo,,,,,,,,,,,,,,,,,,,,,,,,,,,,,,,,,,,,,,,
Sphyrna tudes,,,,,,,,,,,,,,,,,,,,,,,,,,,,,,,,,,,,,,,
Sphyrna zygaena,,,,,,,,,,,,,,,,,,,,,,,,,,,,,,,,,,,,,,,
Furgaleus macki,,,,,,,,,,,,,,,,,,,,,,,,,,,,,,,,,,,,,,,
Galeorhinus galeus,,,,,,,,,,,,,,,,,,,,,,,,,,,,,,,,,,,,,,,
Gogolia filewoodi,,,,,,,,,,,,,,,,,,,,,,,,,,,,,,,,,,,,,,,
Hemitriakis abdita,,,,,,,,,,,,,,,,,,,,,,,,,,,,,,,,,,,,,,,
Hemitriakis complicofasciata,,,,,,,,,,,,,,,,,,,,,,,,,,,,,,,,,,,,,,,
Hemitriakis falcata,,,,,,,,,,,,,,,,,,,,,,,,,,,,,,,,,,,,,,,
Hemitriakis indroyonoi,,,,,,,,,,,,,,,,,,,,,,,,,,,,,,,,,,,,,,,
Hemitriakis japanica,,,,,,,,,,,,,,,,,,,,,,,,,,,,,,,,,,,,,,,
Hemitriakis leucoperiptera,,,,,,,,,,,,,,,,,,,,,,,,,,,,,,,,,,,,,,,
Hypogaleus hyugaensis,,,,,,,,,,,,,,,,,,,,,,,,,,,,,,,,,,,,,,,
Iago garricki,,,,,,,,,,,,,,,,,,,,,,,,,,,,,,,,,,,,,,,
Iago omanensis,,,,,,,,,,,,,,,,,,,,,,,,,,,,,,,,,,,,,,,
Mustelus albipinnis,,,,,,,,,,,,,,,,,,,,,,,,,,,,,,,,,,,,,,,
Mustelus antarcticus,,,,,,,,,,,,,,,,,,,,,,,,,,,,,,,,,,,,,,,
Mustelus asterias,,,,,,,,,,,,,,,,,,,,,,,,,,,,,,,,,,,,,,,
Mustelus californicus,,,,,,,,,,,,,,,,,,,,,,,,,,,,,,,,,,,,,,,
Mustelus canis,,,,,,,,,,,,,,,,,,,,,,,,,,,,,,,,,,,,,,,
Mustelus dorsalis,,,,,,,,,,,,,,,,,,,,,,,,,,,,,,,,,,,,,,,
Mustelus fasciatus,,,,,,,,,,,,,,,,,,,,,,,,,,,,,,,,,,,,,,,
Mustelus griseus,,,,,,,,,,,,,,,,,,,,,,,,,,,,,,,,,,,,,,,
Mustelus henlei,,,,,,,,,,,,,,,,,,,,,,,,,,,,,,,,,,,,,,,
Mustelus higmani,,,,,,,,,,,,,,,,,,,,,,,,,,,,,,,,,,,,,,,
Mustelus lenticulatus,,,,,,,,,,,,,,,,,,,,,,,,,,,,,,,,,,,,,,,
Mustelus lunulatus,,,,,,,,,,,,,,,,,,,,,,,,,,,,,,,,,,,,,,,
Mustelus manazo,,,,,,,,,,,,,,,,,,,,,,,,,,,,,,,,,,,,,,,
Mustelus mento,,,,,,,,,,,,,,,,,,,,,,,,,,,,,,,,,,,,,,,
Mustelus minicanis,,,,,,,,,,,,,,,,,,,,,,,,,,,,,,,,,,,,,,,
Mustelus mosis,,,,,,,,,,,,,,,,,,,,,,,,,,,,,,,,,,,,,,,
Mustelus mustelus,,,,,,,,,,,,,,,,,,,,,,,,,,,,,,,,,,,,,,,
Mustelus norrisi,,,,,,,,,,,,,,,,,,,,,,,,,,,,,,,,,,,,,,,
Mustelus palumbes,,,,,,,,,,,,,,,,,,,,,,,,,,,,,,,,,,,,,,,
Mustelus punctulatus,,,,,,,,,,,,,,,,,,,,,,,,,,,,,,,,,,,,,,,
Mustelus ravidus,,,,,,,,,,,,,,,,,,,,,,,,,,,,,,,,,,,,,,,
Mustelus schmitti,,,,,,,,,,,,,,,,,,,,,,,,,,,,,,,,,,,,,,,
Mustelus sinusmexicanus,,,,,,,,,,,,,,,,,,,,,,,,,,,,,,,,,,,,,,,
Mustelus stevensi,,,,,,,,,,,,,,,,,,,,,,,,,,,,,,,,,,,,,,,
Mustelus whitneyi,,,,,,,,,,,,,,,,,,,,,,,,,,,,,,,,,,,,,,,
Mustelus widodoi,,,,,,,,,,,,,,,,,,,,,,,,,,,,,,,,,,,,,,,
Scylliogaleus quecketti,,,,,,,,,,,,,,,,,,,,,,,,,,,,,,,,,,,,,,,
Triakis acutipinna,,,,,,,,,,,,,,,,,,,,,,,,,,,,,,,,,,,,,,,
Triakis maculata,,,,,,,,,,,,,,,,,,,,,,,,,,,,,,,,,,,,,,,
Triakis megalopterus,,,,,,,,,,,,,,,,,,,,,,,,,,,,,,,,,,,,,,,
Triakis scyllium,,,,,,,,,,,,,,,,,,,,,,,,,,,,,,,,,,,,,,,
Triakis semifasciata,,,,,,,,,,,,,,,,,,,,,,,,,,,,,,,,,,,,,,,
Echinorhinus brucus,,,,,,,,,,,,,,,,,,,,,,,,,,,,,,,,,,,,,,,
Echinorhinus cookei,,,,,,,,,,,,,,,,,,,,,,,,,,,,,,,,,,,,,,,
Heterodontus francisci,,,,,,,,,,,,,,,,,,,,,,,,,,,,,,,,,,,,,,,
Heterodontus galeatus,,,,,,,,,,,,,,,,,,,,,,,,,,,,,,,,,,,,,,,
Heterodontus japonicus,,,,,,,,,,,,,,,,,,,,,,,,,,,,,,,,,,,,,,,
Heterodontus mexicanus,,,,,,,,,,,,,,,,,,,,,,,,,,,,,,,,,,,,,,,
Heterodontus omanensis,,,,,,,,,,,,,,,,,,,,,,,,,,,,,,,,,,,,,,,
Heterodontus portusjacksoni,,,,,,,,,,,,,,,,,,,,,,,,,,,,,,,,,,,,,,,
Heterodontus quoyi,,,,,,,,,,,,,,,,,,,,,,,,,,,,,,,,,,,,,,,
Heterodontus ramalheira,,,,,,,,,,,,,,,,,,,,,,,,,,,,,,,,,,,,,,,
Heterodontus zebra,,,,,,,,,,,,,,,,,,,,,,,,,,,,,,,,,,,,,,,
Chlamydoselachus africana,,,,,,,,,,,,,,,,,,,,,,,,,,,,,,,,,,,,,,,
Chlamydoselachus anguineus,,,,,,,,,,,,,,,,,,,,,,,,,,,,,,,,,,,,,,,
Heptranchias perlo,,,,,,,,,,,,,,,,,,,,,,,,,,,,,,,,,,,,,,,
Hexanchus griseus,,,,,,,,,,,,,,,,,,,,,,,,,,,,,,,,,,,,,,,
Hexanchus nakamurai,,,,,,,,,,,,,,,,,,,,,,,,,,,,,,,,,,,,,,,
Hexanchus vitulus,,,,,,,,,,,,,,,,,,,,,,,,,,,,,,,,,,,,,,,
Notorynchus cepedianus,,,,,,,,,,,,,,,,,,,,,,,,,,,,,,,,,,,,,,,
Alopias pelagicus,,,,,,,,,,,,,,,,,,,,,,,,,,,,,,,,,,,,,,,
Alopias superciliosus,,,,,,,,,,,,,,,,,,,,,,,,,,,,,,,,,,,,,,,
Alopias vulpinus,,,,,,,,,,,,,,,,,,,,,,,,,,,,,,,,,,,,,,,
Cetorhinus maximus,,,,,,,,,,,,,,,,,,,,,,,,,,,,,,,,,,,,,,,
Carcharodon carcharias,,,,,,,,,,,,,,,,,,,,,,,,,,,,,,,,,,,,,,,
Isurus oxyrinchus,,,,,,,,,,,,,,,,,,,,,,,,,,,,,,,,,,,,,,,
Isurus paucus,,,,,,,,,,,,,,,,,,,,,,,,,,,,,,,,,,,,,,,
Lamna ditropis,,,,,,,,,,,,,,,,,,,,,,,,,,,,,,,,,,,,,,,
Lamna nasus,,,,,,,,,,,,,,,,,,,,,,,,,,,,,,,,,,,,,,,
Megachasma pelagios,,,,,,,,,,,,,,,,,,,,,,,,,,,,,,,,,,,,,,,
Mitsukurina owstoni,,,,,,,,,,,,,,,,,,,,,,,,,,,,,,,,,,,,,,,
Carcharias taurus,,,,,,,,,,,,,,,,,,,,,,,,,,,,,,,,,,,,,,,
Odontaspis ferox,,,,,,,,,,,,,,,,,,,,,,,,,,,,,,,,,,,,,,,
Odontaspis noronhai,,,,,,,,,,,,,,,,,,,,,,,,,,,,,,,,,,,,,,,
Pseudocarcharias kamoharai,,,,,,,,,,,,,,,,,,,,,,,,,,,,,,,,,,,,,,,
Brachaelurus colcloughi,,,,,,,,,,,,,,,,,,,,,,,,,,,,,,,,,,,,,,,
Brachaelurus waddi,,,,,,,,,,,,,,,,,,,,,,,,,,,,,,,,,,,,,,,
Ginglymostoma cirratum,,,,,,,,,,,,,,,,,,,,,,,,,,,,,,,,,,,,,,,
Ginglymostoma unami,,,,,,,,,,,,,,,,,,,,,,,,,,,,,,,,,,,,,,,
Nebrius ferrugineus,,,,,,,,,,,,,,,,,,,,,,,,,,,,,,,,,,,,,,,
Pseudoginglymostoma brevicaudatum,,,,,,,,,,,,,,,,,,,,,,,,,,,,,,,,,,,,,,,
Chiloscyllium arabicum,,,,,,,,,,,,,,,,,,,,,,,,,,,,,,,,,,,,,,,
Chiloscyllium burmensis,,,,,,,,,,,,,,,,,,,,,,,,,,,,,,,,,,,,,,,
Chiloscyllium caeruleopunctatum,,,,,,,,,,,,,,,,,,,,,,,,,,,,,,,,,,,,,,,
Chiloscyllium griseum,,,,,,,,,,,,,,,,,,,,,,,,,,,,,,,,,,,,,,,
Chiloscyllium hasselti,,,,,,,,,,,,,,,,,,,,,,,,,,,,,,,,,,,,,,,
Chiloscyllium indicum,,,,,,,,,,,,,,,,,,,,,,,,,,,,,,,,,,,,,,,
Chiloscyllium plagiosum,,,,,,,,,,,,,,,,,,,,,,,,,,,,,,,,,,,,,,,
Chiloscyllium punctatum,,,,,,,,,,,,,,,,,,,,,,,,,,,,,,,,,,,,,,,
Hemiscyllium freycineti,,,,,,,,,,,,,,,,,,,,,,,,,,,,,,,,,,,,,,,
Hemiscyllium galei,,,,,,,,,,,,,,,,,,,,,,,,,,,,,,,,,,,,,,,
Hemiscyllium hallstromi,,,,,,,,,,,,,,,,,,,,,,,,,,,,,,,,,,,,,,,
Hemiscyllium halmahera,,,,,,,,,,,,,,,,,,,,,,,,,,,,,,,,,,,,,,,
Hemiscyllium henryi,,,,,,,,,,,,,,,,,,,,,,,,,,,,,,,,,,,,,,,
Hemiscyllium michaeli,,,,,,,,,,,,,,,,,,,,,,,,,,,,,,,,,,,,,,,
Hemiscyllium ocellatum,,,,,,,,,,,,,,,,,,,,,,,,,,,,,,,,,,,,,,,
Hemiscyllium strahani,,,,,,,,,,,,,,,,,,,,,,,,,,,,,,,,,,,,,,,
Hemiscyllium trispeculare,,,,,,,,,,,,,,,,,,,,,,,,,,,,,,,,,,,,,,,
Eucrossorhinus dasypogon,,,,,,,,,,,,,,,,,,,,,,,,,,,,,,,,,,,,,,,
Orectolobus floridus,,,,,,,,,,,,,,,,,,,,,,,,,,,,,,,,,,,,,,,
Orectolobus halei,,,,,,,,,,,,,,,,,,,,,,,,,,,,,,,,,,,,,,,
Orectolobus hutchinsi,,,,,,,,,,,,,,,,,,,,,,,,,,,,,,,,,,,,,,,
Orectolobus japonicus,,,,,,,,,,,,,,,,,,,,,,,,,,,,,,,,,,,,,,,
Orectolobus leptolineatus,,,,,,,,,,,,,,,,,,,,,,,,,,,,,,,,,,,,,,,
Orectolobus maculatus,,,,,,,,,,,,,,,,,,,,,,,,,,,,,,,,,,,,,,,
Orectolobus ornatus,,,,,,,,,,,,,,,,,,,,,,,,,,,,,,,,,,,,,,,
Orectolobus parvimaculatus,,,,,,,,,,,,,,,,,,,,,,,,,,,,,,,,,,,,,,,
Orectolobus reticulatus,,,,,,,,,,,,,,,,,,,,,,,,,,,,,,,,,,,,,,,
Orectolobus wardi,,,,,,,,,,,,,,,,,,,,,,,,,,,,,,,,,,,,,,,
Sutorectus tentaculatus,,,,,,,,,,,,,,,,,,,,,,,,,,,,,,,,,,,,,,,
Cirrhoscyllium expolitum,,,,,,,,,,,,,,,,,,,,,,,,,,,,,,,,,,,,,,,
Cirrhoscyllium formosanum,,,,,,,,,,,,,,,,,,,,,,,,,,,,,,,,,,,,,,,
Cirrhoscyllium japonicum,,,,,,,,,,,,,,,,,,,,,,,,,,,,,,,,,,,,,,,
Parascyllium collare,,,,,,,,,,,,,,,,,,,,,,,,,,,,,,,,,,,,,,,
Parascyllium elongatum,,,,,,,,,,,,,,,,,,,,,,,,,,,,,,,,,,,,,,,
Parascyllium ferrugineum,,,,,,,,,,,,,,,,,,,,,,,,,,,,,,,,,,,,,,,
Parascyllium sparsimaculatum,,,,,,,,,,,,,,,,,,,,,,,,,,,,,,,,,,,,,,,
Parascyllium variolatum,,,,,,,,,,,,,,,,,,,,,,,,,,,,,,,,,,,,,,,
Rhincodon typus,,,,,,,,,,,,,,,,,,,,,,,,,,,,,,,,,,,,,,,
Stegostoma tigrinum,,,,,,,,,,,,,,,,,,,,,,,,,,,,,,,,,,,,,,,
Pliotrema warreni,,,,,,,,,,,,,,,,,,,,,,,,,,,,,,,,,,,,,,,
Pliotrema annae,,,,,,,,,,,,,,,,,,,,,,,,,,,,,,,,,,,,,,,
Pliotrema kajae,,,,,,,,,,,,,,,,,,,,,,,,,,,,,,,,,,,,,,,
Pristiophorus cirratus,,,,,,,,,,,,,,,,,,,,,,,,,,,,,,,,,,,,,,,
Pristiophorus delicatus,,,,,,,,,,,,,,,,,,,,,,,,,,,,,,,,,,,,,,,
Pristiophorus japonicus,,,,,,,,,,,,,,,,,,,,,,,,,,,,,,,,,,,,,,,
Pristiophorus lanae,,,,,,,,,,,,,,,,,,,,,,,,,,,,,,,,,,,,,,,
Pristiophorus nancyae,,,,,,,,,,,,,,,,,,,,,,,,,,,,,,,,,,,,,,,
Pristiophorus nudipinnis,,,,,,,,,,,,,,,,,,,,,,,,,,,,,,,,,,,,,,,
Pristiophorus schroederi,,,,,,,,,,,,,,,,,,,,,,,,,,,,,,,,,,,,,,,
Centrophorus atromarginatus,,,,,,,,,,,,,,,,,,,,,,,,,,,,,,,,,,,,,,,
Centrophorus granulosus,,,,,,,,,,,,,,,,,,,,,,,,,,,,,,,,,,,,,,,
Centrophorus harrissoni,,,,,,,,,,,,,,,,,,,,,,,,,,,,,,,,,,,,,,,
Centrophorus isodon,,,,,,,,,,,,,,,,,,,,,,,,,,,,,,,,,,,,,,,
Centrophorus lesliei,,,,,,,,,,,,,,,,,,,,,,,,,,,,,,,,,,,,,,,
Centrophorus longipinnis,,,,,,,,,,,,,,,,,,,,,,,,,,,,,,,,,,,,,,,
Centrophorus moluccensis,,,,,,,,,,,,,,,,,,,,,,,,,,,,,,,,,,,,,,,
Centrophorus seychellorum,,,,,,,,,,,,,,,,,,,,,,,,,,,,,,,,,,,,,,,
Centrophorus squamosus,,,,,,,,,,,,,,,,,,,,,,,,,,,,,,,,,,,,,,,
Centrophorus tessellatus,,,,,,,,,,,,,,,,,,,,,,,,,,,,,,,,,,,,,,,
Centrophorus uyato,,,,,,,,,,,,,,,,,,,,,,,,,,,,,,,,,,,,,,,
Centrophorus westraliensis,,,,,,,,,,,,,,,,,,,,,,,,,,,,,,,,,,,,,,,
Deania calcea,,,,,,,,,,,,,,,,,,,,,,,,,,,,,,,,,,,,,,,
Deania hystricosa,,,,,,,,,,,,,,,,,,,,,,,,,,,,,,,,,,,,,,,
Deania profundorum,,,,,,,,,,,,,,,,,,,,,,,,,,,,,,,,,,,,,,,
Deania quadrispinosa,,,,,,,,,,,,,,,,,,,,,,,,,,,,,,,,,,,,,,,
Dalatias licha,,,,,,,,,,,,,,,,,,,,,,,,,,,,,,,,,,,,,,,
Euprotomicroides zantedeschia,,,,,,,,,,,,,,,,,,,,,,,,,,,,,,,,,,,,,,,
Euprotomicrus bispinatus,,,,,,,,,,,,,,,,,,,,,,,,,,,,,,,,,,,,,,,
Heteroscymnoides marleyi,,,,,,,,,,,,,,,,,,,,,,,,,,,,,,,,,,,,,,,
Isistius brasiliensis,,,,,,,,,,,,,,,,,,,,,,,,,,,,,,,,,,,,,,,
Isistius plutodus,,,,,,,,,,,,,,,,,,,,,,,,,,,,,,,,,,,,,,,
Mollisquama mississippiensis,,,,,,,,,,,,,,,,,,,,,,,,,,,,,,,,,,,,,,,
Mollisquama parini,,,,,,,,,,,,,,,,,,,,,,,,,,,,,,,,,,,,,,,
Squaliolus aliae,,,,,,,,,,,,,,,,,,,,,,,,,,,,,,,,,,,,,,,
Squaliolus laticaudus,,,,,,,,,,,,,,,,,,,,,,,,,,,,,,,,,,,,,,,
Aculeola nigra,,,,,,,,,,,,,,,,,,,,,,,,,,,,,,,,,,,,,,,
Centroscyllium excelsum,,,,,,,,,,,,,,,,,,,,,,,,,,,,,,,,,,,,,,,
Centroscyllium fabricii,,,,,,,,,,,,,,,,,,,,,,,,,,,,,,,,,,,,,,,
Centroscyllium granulatum,,,,,,,,,,,,,,,,,,,,,,,,,,,,,,,,,,,,,,,
Centroscyllium kamoharai,,,,,,,,,,,,,,,,,,,,,,,,,,,,,,,,,,,,,,,
Centroscyllium nigrum,,,,,,,,,,,,,,,,,,,,,,,,,,,,,,,,,,,,,,,
Centroscyllium ornatum,,,,,,,,,,,,,,,,,,,,,,,,,,,,,,,,,,,,,,,
Centroscyllium ritteri,,,,,,,,,,,,,,,,,,,,,,,,,,,,,,,,,,,,,,,
Etmopterus alphus,,,,,,,,,,,,,,,,,,,,,,,,,,,,,,,,,,,,,,,
Etmopterus benchleyi,,,,,,,,,,,,,,,,,,,,,,,,,,,,,,,,,,,,,,,
Etmopterus bigelowi,,,,,,,,,,,,,,,,,,,,,,,,,,,,,,,,,,,,,,,
Etmopterus brachyurus,,,,,,,,,,,,,,,,,,,,,,,,,,,,,,,,,,,,,,,
Etmopterus bullisi,,,,,,,,,,,,,,,,,,,,,,,,,,,,,,,,,,,,,,,
Etmopterus burgessi,,,,,,,,,,,,,,,,,,,,,,,,,,,,,,,,,,,,,,,
Etmopterus carteri,,,,,,,,,,,,,,,,,,,,,,,,,,,,,,,,,,,,,,,
Etmopterus caudistigmus,,,,,,,,,,,,,,,,,,,,,,,,,,,,,,,,,,,,,,,
Etmopterus compagnoi,,,,,,,,,,,,,,,,,,,,,,,,,,,,,,,,,,,,,,,
Etmopterus decacuspidatus,,,,,,,,,,,,,,,,,,,,,,,,,,,,,,,,,,,,,,,
Etmopterus dianthus,,,,,,,,,,,,,,,,,,,,,,,,,,,,,,,,,,,,,,,
Etmopterus dislineatus,,,,,,,,,,,,,,,,,,,,,,,,,,,,,,,,,,,,,,,
Etmopterus evansi,,,,,,,,,,,,,,,,,,,,,,,,,,,,,,,,,,,,,,,
Etmopterus fusus,,,,,,,,,,,,,,,,,,,,,,,,,,,,,,,,,,,,,,,
Etmopterus gracilispinis,,,,,,,,,,,,,,,,,,,,,,,,,,,,,,,,,,,,,,,
Etmopterus granulosus,,,,,,,,,,,,,,,,,,,,,,,,,,,,,,,,,,,,,,,
Etmopterus hillianus,,,,,,,,,,,,,,,,,,,,,,,,,,,,,,,,,,,,,,,
Etmopterus joungi,,,,,,,,,,,,,,,,,,,,,,,,,,,,,,,,,,,,,,,
Etmopterus lailae,,,,,,,,,,,,,,,,,,,,,,,,,,,,,,,,,,,,,,,
Etmopterus litvinovi,,,,,,,,,,,,,,,,,,,,,,,,,,,,,,,,,,,,,,,
Etmopterus lucifer,,,,,,,,,,,,,,,,,,,,,,,,,,,,,,,,,,,,,,,
Etmopterus marshae,,,,,,,,,,,,,,,,,,,,,,,,,,,,,,,,,,,,,,,
Etmopterus molleri,,,,,,,,,,,,,,,,,,,,,,,,,,,,,,,,,,,,,,,
Etmopterus perryi,,,,,,,,,,,,,,,,,,,,,,,,,,,,,,,,,,,,,,,
Etmopterus polli,,,,,,,,,,,,,,,,,,,,,,,,,,,,,,,,,,,,,,,
Etmopterus princeps,,,,,,,,,,,,,,,,,,,,,,,,,,,,,,,,,,,,,,,
Etmopterus pseudosqualiolus,,,,,,,,,,,,,,,,,,,,,,,,,,,,,,,,,,,,,,,
Etmopterus pusillus,,,,,,,,,,,,,,,,,,,,,,,,,,,,,,,,,,,,,,,
Etmopterus pycnolepis,,,,,,,,,,,,,,,,,,,,,,,,,,,,,,,,,,,,,,,
Etmopterus robinsi,,,,,,,,,,,,,,,,,,,,,,,,,,,,,,,,,,,,,,,
Etmopterus samadiae,,,,,,,,,,,,,,,,,,,,,,,,,,,,,,,,,,,,,,,
Etmopterus schultzi,,,,,,,,,,,,,,,,,,,,,,,,,,,,,,,,,,,,,,,
Etmopterus sculptus,,,,,,,,,,,,,,,,,,,,,,,,,,,,,,,,,,,,,,,
Etmopterus sentosus,,,,,,,,,,,,,,,,,,,,,,,,,,,,,,,,,,,,,,,
Etmopterus sheikoi,,,,,,,,,,,,,,,,,,,,,,,,,,,,,,,,,,,,,,,
Etmopterus spinax,,,,,,,,,,,,,,,,,,,,,,,,,,,,,,,,,,,,,,,
Etmopterus splendidus,,,,,,,,,,,,,,,,,,,,,,,,,,,,,,,,,,,,,,,
Etmopterus unicolor,,,,,,,,,,,,,,,,,,,,,,,,,,,,,,,,,,,,,,,
Etmopterus viator,,,,,,,,,,,,,,,,,,,,,,,,,,,,,,,,,,,,,,,
Etmopterus villosus,,,,,,,,,,,,,,,,,,,,,,,,,,,,,,,,,,,,,,,
Etmopterus virens,,,,,,,,,,,,,,,,,,,,,,,,,,,,,,,,,,,,,,,
Trigonognathus kabeyai,,,,,,,,,,,,,,,,,,,,,,,,,,,,,,,,,,,,,,,
Oxynotus bruniensis,,,,,,,,,,,,,,,,,,,,,,,,,,,,,,,,,,,,,,,
Oxynotus caribbaeus,,,,,,,,,,,,,,,,,,,,,,,,,,,,,,,,,,,,,,,
Oxynotus centrina,,,,,,,,,,,,,,,,,,,,,,,,,,,,,,,,,,,,,,,
Oxynotus japonicus,,,,,,,,,,,,,,,,,,,,,,,,,,,,,,,,,,,,,,,
Oxynotus paradoxus,,,,,,,,,,,,,,,,,,,,,,,,,,,,,,,,,,,,,,,
Centroscymnus coelolepis,,,,,,,,,,,,,,,,,,,,,,,,,,,,,,,,,,,,,,,
Centroscymnus macracanthus,,,,,,,,,,,,,,,,,,,,,,,,,,,,,,,,,,,,,,,
Centroscymnus owstonii,,,,,,,,,,,,,,,,,,,,,,,,,,,,,,,,,,,,,,,
Centroselachus crepidater,,,,,,,,,,,,,,,,,,,,,,,,,,,,,,,,,,,,,,,
Scymnodalatias albicauda,,,,,,,,,,,,,,,,,,,,,,,,,,,,,,,,,,,,,,,
Scymnodalatias garricki,,,,,,,,,,,,,,,,,,,,,,,,,,,,,,,,,,,,,,,
Scymnodalatias oligodon,,,,,,,,,,,,,,,,,,,,,,,,,,,,,,,,,,,,,,,
Scymnodalatias sherwoodi,,,,,,,,,,,,,,,,,,,,,,,,,,,,,,,,,,,,,,,
Scymnodon plunketi,,,,,,,,,,,,,,,,,,,,,,,,,,,,,,,,,,,,,,,
Scymnodon ringens,,,,,,,,,,,,,,,,,,,,,,,,,,,,,,,,,,,,,,,
Somniosus antarcticus,,,,,,,,,,,,,,,,,,,,,,,,,,,,,,,,,,,,,,,
Somniosus longus,,,,,,,,,,,,,,,,,,,,,,,,,,,,,,,,,,,,,,,
Somniosus microcephalus,,,,,,,,,,,,,,,,,,,,,,,,,,,,,,,,,,,,,,,
Somniosus pacificus,,,,,,,,,,,,,,,,,,,,,,,,,,,,,,,,,,,,,,,
Somniosus rostratus,,,,,,,,,,,,,,,,,,,,,,,,,,,,,,,,,,,,,,,
Scymnodon ichiharai,,,,,,,,,,,,,,,,,,,,,,,,,,,,,,,,,,,,,,,
Zameus squamulosus,,,,,,,,,,,,,,,,,,,,,,,,,,,,,,,,,,,,,,,
Cirrhigaleus asper,,,,,,,,,,,,,,,,,,,,,,,,,,,,,,,,,,,,,,,
Cirrhigaleus australis,,,,,,,,,,,,,,,,,,,,,,,,,,,,,,,,,,,,,,,
Cirrhigaleus barbifer,,,,,,,,,,,,,,,,,,,,,,,,,,,,,,,,,,,,,,,
Squalus acanthias,,,,,,,,,,,,,,,,,,,,,,,,,,,,,,,,,,,,,,,
Squalus acutipinnis,,,,,,,,,,,,,,,,,,,,,,,,,,,,,,,,,,,,,,,
Squalus albicaudus,,,,,,,,,,,,,,,,,,,,,,,,,,,,,,,,,,,,,,,
Squalus albifrons,,,,,,,,,,,,,,,,,,,,,,,,,,,,,,,,,,,,,,,
Squalus altipinnis,,,,,,,,,,,,,,,,,,,,,,,,,,,,,,,,,,,,,,,
Squalus bahiensis,,,,,,,,,,,,,,,,,,,,,,,,,,,,,,,,,,,,,,,
Squalus bassi,,,,,,,,,,,,,,,,,,,,,,,,,,,,,,,,,,,,,,,
Squalus blainville,,,,,,,,,,,,,,,,,,,,,,,,,,,,,,,,,,,,,,,
Squalus boretzi,,,,,,,,,,,,,,,,,,,,,,,,,,,,,,,,,,,,,,,
Squalus brevirostris,,,,,,,,,,,,,,,,,,,,,,,,,,,,,,,,,,,,,,,
Squalus bucephalus,,,,,,,,,,,,,,,,,,,,,,,,,,,,,,,,,,,,,,,
Squalus chloroculus,,,,,,,,,,,,,,,,,,,,,,,,,,,,,,,,,,,,,,,
Squalus clarkae,,,,,,,,,,,,,,,,,,,,,,,,,,,,,,,,,,,,,,,
Squalus crassispinus,,,,,,,,,,,,,,,,,,,,,,,,,,,,,,,,,,,,,,,
Squalus cubensis,,,,,,,,,,,,,,,,,,,,,,,,,,,,,,,,,,,,,,,
Squalus edmundsi,,,,,,,,,,,,,,,,,,,,,,,,,,,,,,,,,,,,,,,
Squalus formosus,,,,,,,,,,,,,,,,,,,,,,,,,,,,,,,,,,,,,,,
Squalus grahami,,,,,,,,,,,,,,,,,,,,,,,,,,,,,,,,,,,,,,,
Squalus griffini,,,,,,,,,,,,,,,,,,,,,,,,,,,,,,,,,,,,,,,
Squalus hawaiiensis,,,,,,,,,,,,,,,,,,,,,,,,,,,,,,,,,,,,,,,
Squalus hemipinnis,,,,,,,,,,,,,,,,,,,,,,,,,,,,,,,,,,,,,,,
Squalus japonicus,,,,,,,,,,,,,,,,,,,,,,,,,,,,,,,,,,,,,,,
Squalus lalannei,,,,,,,,,,,,,,,,,,,,,,,,,,,,,,,,,,,,,,,
Squalus lobularis,,,,,,,,,,,,,,,,,,,,,,,,,,,,,,,,,,,,,,,
Squalus mahia,,,,,,,,,,,,,,,,,,,,,,,,,,,,,,,,,,,,,,,
Squalus margaretsmithae,,,,,,,,,,,,,,,,,,,,,,,,,,,,,,,,,,,,,,,
Squalus megalops,,,,,,,,,,,,,,,,,,,,,,,,,,,,,,,,,,,,,,,
Squalus melanurus,,,,,,,,,,,,,,,,,,,,,,,,,,,,,,,,,,,,,,,
Squalus mitsukurii,,,,,,,,,,,,,,,,,,,,,,,,,,,,,,,,,,,,,,,
Squalus montalbani,,,,,,,,,,,,,,,,,,,,,,,,,,,,,,,,,,,,,,,
Squalus nasutus,,,,,,,,,,,,,,,,,,,,,,,,,,,,,,,,,,,,,,,
Squalus notocaudatus,,,,,,,,,,,,,,,,,,,,,,,,,,,,,,,,,,,,,,,
Squalus quasimodo,,,,,,,,,,,,,,,,,,,,,,,,,,,,,,,,,,,,,,,
Squalus rancureli,,,,,,,,,,,,,,,,,,,,,,,,,,,,,,,,,,,,,,,
Squalus raoulensis,,,,,,,,,,,,,,,,,,,,,,,,,,,,,,,,,,,,,,,
Squalus suckleyi,,,,,,,,,,,,,,,,,,,,,,,,,,,,,,,,,,,,,,,
Squatina aculeata,,,,,,,,,,,,,,,,,,,,,,,,,,,,,,,,,,,,,,,
Squatina africana,,,,,,,,,,,,,,,,,,,,,,,,,,,,,,,,,,,,,,,
Squatina albipunctata,,,,,,,,,,,,,,,,,,,,,,,,,,,,,,,,,,,,,,,
Squatina argentina,,,,,,,,,,,,,,,,,,,,,,,,,,,,,,,,,,,,,,,
Squatina armata,,,,,,,,,,,,,,,,,,,,,,,,,,,,,,,,,,,,,,,
Squatina australis,,,,,,,,,,,,,,,,,,,,,,,,,,,,,,,,,,,,,,,
Squatina caillieti,,,,,,,,,,,,,,,,,,,,,,,,,,,,,,,,,,,,,,,
Squatina californica,,,,,,,,,,,,,,,,,,,,,,,,,,,,,,,,,,,,,,,
Squatina david,,,,,,,,,,,,,,,,,,,,,,,,,,,,,,,,,,,,,,,
Squatina dumeril,,,,,,,,,,,,,,,,,,,,,,,,,,,,,,,,,,,,,,,
Squatina formosa,,,,,,,,,,,,,,,,,,,,,,,,,,,,,,,,,,,,,,,
Squatina guggenheim,,,,,,,,,,,,,,,,,,,,,,,,,,,,,,,,,,,,,,,
Squatina japonica,,,,,,,,,,,,,,,,,,,,,,,,,,,,,,,,,,,,,,,
Squatina legnota,,,,,,,,,,,,,,,,,,,,,,,,,,,,,,,,,,,,,,,
Squatina nebulosa,,,,,,,,,,,,,,,,,,,,,,,,,,,,,,,,,,,,,,,
Squatina occulta,,,,,,,,,,,,,,,,,,,,,,,,,,,,,,,,,,,,,,,
Squatina oculata,,,,,,,,,,,,,,,,,,,,,,,,,,,,,,,,,,,,,,,
Squatina pseudocellata,,,,,,,,,,,,,,,,,,,,,,,,,,,,,,,,,,,,,,,
Squatina squatina,,,,,,,,,,,,,,,,,,,,,,,,,,,,,,,,,,,,,,,
Squatina tergocellata,,,,,,,,,,,,,,,,,,,,,,,,,,,,,,,,,,,,,,,
Squatina tergocellatoides,,,,,,,,,,,,,,,,,,,,,,,,,,,,,,,,,,,,,,,
Squatina varii,,,,,,,,,,,,,,,,,,,,,,,,,,,,,,,,,,,,,,,
Callorhinchus callorynchus,,,,,,,,,,,,,,,,,,,,,,,,,,,,,,,,,,,,,,,
Callorhinchus capensis,,,,,,,,,,,,,,,,,,,,,,,,,,,,,,,,,,,,,,,
Callorhinchus milii,,,,,,,,,,,,,,,,,,,,,,,,,,,,,,,,,,,,,,,
Chimaera argiloba,,,,,,,,,,,,,,,,,,,,,,,,,,,,,,,,,,,,,,,
Chimaera bahamaensis,,,,,,,,,,,,,,,,,,,,,,,,,,,,,,,,,,,,,,,
Chimaera buccanigella,,,,,,,,,,,,,,,,,,,,,,,,,,,,,,,,,,,,,,,
Chimaera carophila,,,,,,,,,,,,,,,,,,,,,,,,,,,,,,,,,,,,,,,
Chimaera cubana,,,,,,,,,,,,,,,,,,,,,,,,,,,,,,,,,,,,,,,
Chimaera didierae,,,,,,,,,,,,,,,,,,,,,,,,,,,,,,,,,,,,,,,
Chimaera fulva,,,,,,,,,,,,,,,,,,,,,,,,,,,,,,,,,,,,,,,
Chimaera jordani,,,,,,,,,,,,,,,,,,,,,,,,,,,,,,,,,,,,,,,
Chimaera lignaria,,,,,,,,,,,,,,,,,,,,,,,,,,,,,,,,,,,,,,,
Chimaera macrospina,,,,,,,,,,,,,,,,,,,,,,,,,,,,,,,,,,,,,,,
Chimaera monstrosa,,,,,,,,,,,,,,,,,,,,,,,,,,,,,,,,,,,,,,,
Chimaera notafricana,,,,,,,,,,,,,,,,,,,,,,,,,,,,,,,,,,,,,,,
Chimaera obscura,,,,,,,,,,,,,,,,,,,,,,,,,,,,,,,,,,,,,,,
Chimaera ogilbyi,,,,,,,,,,,,,,,,,,,,,,,,,,,,,,,,,,,,,,,
Chimaera opalescens,,,,,,,,,,,,,,,,,,,,,,,,,,,,,,,,,,,,,,,
Chimaera orientalis,,,,,,,,,,,,,,,,,,,,,,,,,,,,,,,,,,,,,,,
Chimaera owstoni,,,,,,,,,,,,,,,,,,,,,,,,,,,,,,,,,,,,,,,
Chimaera panthera,,,,,,,,,,,,,,,,,,,,,,,,,,,,,,,,,,,,,,,
Chimaera phantasma,,,,,,,,,,,,,,,,,,,,,,,,,,,,,,,,,,,,,,,
Chimaera willwatchi,,,,,,,,,,,,,,,,,,,,,,,,,,,,,,,,,,,,,,,
Hydrolagus affinis,,,,,,,,,,,,,,,,,,,,,,,,,,,,,,,,,,,,,,,
Hydrolagus africanus,,,,,,,,,,,,,,,,,,,,,,,,,,,,,,,,,,,,,,,
Hydrolagus alberti,,,,,,,,,,,,,,,,,,,,,,,,,,,,,,,,,,,,,,,
Hydrolagus alphus,,,,,,,,,,,,,,,,,,,,,,,,,,,,,,,,,,,,,,,
Hydrolagus barbouri,,,,,,,,,,,,,,,,,,,,,,,,,,,,,,,,,,,,,,,
Hydrolagus bemisi,,,,,,,,,,,,,,,,,,,,,,,,,,,,,,,,,,,,,,,
Hydrolagus colliei,,,,,,,,,,,,,,,,,,,,,,,,,,,,,,,,,,,,,,,
Hydrolagus erithacus,,,,,,,,,,,,,,,,,,,,,,,,,,,,,,,,,,,,,,,
Hydrolagus homonycteris,,,,,,,,,,,,,,,,,,,,,,,,,,,,,,,,,,,,,,,
Hydrolagus lusitanicus,,,,,,,,,,,,,,,,,,,,,,,,,,,,,,,,,,,,,,,
Hydrolagus macrophthalmus,,,,,,,,,,,,,,,,,,,,,,,,,,,,,,,,,,,,,,,
Hydrolagus marmoratus,,,,,,,,,,,,,,,,,,,,,,,,,,,,,,,,,,,,,,,
Hydrolagus matallanasi,,,,,,,,,,,,,,,,,,,,,,,,,,,,,,,,,,,,,,,
Hydrolagus mccoskeri,,,,,,,,,,,,,,,,,,,,,,,,,,,,,,,,,,,,,,,
Hydrolagus melanophasma,,,,,,,,,,,,,,,,,,,,,,,,,,,,,,,,,,,,,,,
Hydrolagus mirabilis,,,,,,,,,,,,,,,,,,,,,,,,,,,,,,,,,,,,,,,
Hydrolagus mitsukurii,,,,,,,,,,,,,,,,,,,,,,,,,,,,,,,,,,,,,,,
Hydrolagus novaezealandiae,,,,,,,,,,,,,,,,,,,,,,,,,,,,,,,,,,,,,,,
Hydrolagus pallidus,,,,,,,,,,,,,,,,,,,,,,,,,,,,,,,,,,,,,,,
Hydrolagus purpurescens,,,,,,,,,,,,,,,,,,,,,,,,,,,,,,,,,,,,,,,
Hydrolagus trolli,,,,,,,,,,,,,,,,,,,,,,,,,,,,,,,,,,,,,,,
Harriotta haeckeli,,,,,,,,,,,,,,,,,,,,,,,,,,,,,,,,,,,,,,,
Harriotta raleighana,,,,,,,,,,,,,,,,,,,,,,,,,,,,,,,,,,,,,,,
Neoharriotta carri,,,,,,,,,,,,,,,,,,,,,,,,,,,,,,,,,,,,,,,
Neoharriotta pinnata,,,,,,,,,,,,,,,,,,,,,,,,,,,,,,,,,,,,,,,
Neoharriotta pumila,,,,,,,,,,,,,,,,,,,,,,,,,,,,,,,,,,,,,,,
Rhinochimaera africana,,,,,,,,,,,,,,,,,,,,,,,,,,,,,,,,,,,,,,,
Rhinochimaera atlantica,,,,,,,,,,,,,,,,,,,,,,,,,,,,,,,,,,,,,,,
Rhinochimaera pacifica,,,,,,,,,,,,,,,,,,,,,,,,,,,,,,,,,,,,,,,